solid component1:PLACCA_FISSAGGIO
  facet normal 0.000000e+00 -0.000000e+00 -1.000000e+00
    outer loop
      vertex -2.259188e+01 -2.009188e+01 4.635000e+00
      vertex -2.258695e+01 -1.993491e+01 4.635000e+00
      vertex -2.257217e+01 -1.977855e+01 4.635000e+00
    endloop
  endfacet
  facet normal 0.000000e+00 -0.000000e+00 -1.000000e+00
    outer loop
      vertex -2.257217e+01 -1.977855e+01 4.635000e+00
      vertex -2.258695e+01 -2.024886e+01 4.635000e+00
      vertex -2.259188e+01 -2.009188e+01 4.635000e+00
    endloop
  endfacet
  facet normal 0.000000e+00 -0.000000e+00 -1.000000e+00
    outer loop
      vertex -2.257217e+01 -1.977855e+01 4.635000e+00
      vertex -2.257217e+01 -2.040522e+01 4.635000e+00
      vertex -2.258695e+01 -2.024886e+01 4.635000e+00
    endloop
  endfacet
  facet normal 0.000000e+00 -0.000000e+00 -1.000000e+00
    outer loop
      vertex -2.254760e+01 -2.056034e+01 4.635000e+00
      vertex -2.257217e+01 -2.040522e+01 4.635000e+00
      vertex -2.257217e+01 -1.977855e+01 4.635000e+00
    endloop
  endfacet
  facet normal 0.000000e+00 -0.000000e+00 -1.000000e+00
    outer loop
      vertex -2.257217e+01 -1.977855e+01 4.635000e+00
      vertex -2.251334e+01 -2.071361e+01 4.635000e+00
      vertex -2.254760e+01 -2.056034e+01 4.635000e+00
    endloop
  endfacet
  facet normal 0.000000e+00 -0.000000e+00 -1.000000e+00
    outer loop
      vertex -2.257217e+01 -1.977855e+01 4.635000e+00
      vertex -2.246952e+01 -2.086443e+01 4.635000e+00
      vertex -2.251334e+01 -2.071361e+01 4.635000e+00
    endloop
  endfacet
  facet normal 0.000000e+00 -0.000000e+00 -1.000000e+00
    outer loop
      vertex -2.241632e+01 -2.101219e+01 4.635000e+00
      vertex -2.246952e+01 -2.086443e+01 4.635000e+00
      vertex -2.257217e+01 -1.977855e+01 4.635000e+00
    endloop
  endfacet
  facet normal 0.000000e+00 -0.000000e+00 -1.000000e+00
    outer loop
      vertex -2.257217e+01 -1.977855e+01 4.635000e+00
      vertex -2.235395e+01 -2.115633e+01 4.635000e+00
      vertex -2.241632e+01 -2.101219e+01 4.635000e+00
    endloop
  endfacet
  facet normal 0.000000e+00 -0.000000e+00 -1.000000e+00
    outer loop
      vertex -2.257217e+01 -1.977855e+01 4.635000e+00
      vertex -2.228265e+01 -2.129627e+01 4.635000e+00
      vertex -2.235395e+01 -2.115633e+01 4.635000e+00
    endloop
  endfacet
  facet normal 0.000000e+00 -0.000000e+00 -1.000000e+00
    outer loop
      vertex -2.220270e+01 -2.143145e+01 4.635000e+00
      vertex -2.228265e+01 -2.129627e+01 4.635000e+00
      vertex -2.257217e+01 -1.977855e+01 4.635000e+00
    endloop
  endfacet
  facet normal 0.000000e+00 -0.000000e+00 -1.000000e+00
    outer loop
      vertex -2.257217e+01 -1.977855e+01 4.635000e+00
      vertex -2.211443e+01 -2.156135e+01 4.635000e+00
      vertex -2.220270e+01 -2.143145e+01 4.635000e+00
    endloop
  endfacet
  facet normal 0.000000e+00 -0.000000e+00 -1.000000e+00
    outer loop
      vertex -2.257217e+01 -1.977855e+01 4.635000e+00
      vertex -2.201817e+01 -2.168544e+01 4.635000e+00
      vertex -2.211443e+01 -2.156135e+01 4.635000e+00
    endloop
  endfacet
  facet normal 0.000000e+00 -0.000000e+00 -1.000000e+00
    outer loop
      vertex -2.191430e+01 -2.180325e+01 4.635000e+00
      vertex -2.201817e+01 -2.168544e+01 4.635000e+00
      vertex -2.257217e+01 -1.977855e+01 4.635000e+00
    endloop
  endfacet
  facet normal 0.000000e+00 -0.000000e+00 -1.000000e+00
    outer loop
      vertex -2.257217e+01 -1.977855e+01 4.635000e+00
      vertex -2.180325e+01 -2.191430e+01 4.635000e+00
      vertex -2.191430e+01 -2.180325e+01 4.635000e+00
    endloop
  endfacet
  facet normal 0.000000e+00 -0.000000e+00 -1.000000e+00
    outer loop
      vertex -2.257217e+01 -1.977855e+01 4.635000e+00
      vertex -2.168544e+01 -2.201817e+01 4.635000e+00
      vertex -2.180325e+01 -2.191430e+01 4.635000e+00
    endloop
  endfacet
  facet normal 0.000000e+00 -0.000000e+00 -1.000000e+00
    outer loop
      vertex -2.156135e+01 -2.211443e+01 4.635000e+00
      vertex -2.168544e+01 -2.201817e+01 4.635000e+00
      vertex -2.257217e+01 -1.977855e+01 4.635000e+00
    endloop
  endfacet
  facet normal 0.000000e+00 -0.000000e+00 -1.000000e+00
    outer loop
      vertex -2.257217e+01 -1.977855e+01 4.635000e+00
      vertex -2.143145e+01 -2.220270e+01 4.635000e+00
      vertex -2.156135e+01 -2.211443e+01 4.635000e+00
    endloop
  endfacet
  facet normal 0.000000e+00 -0.000000e+00 -1.000000e+00
    outer loop
      vertex -2.257217e+01 -1.977855e+01 4.635000e+00
      vertex -2.129627e+01 -2.228265e+01 4.635000e+00
      vertex -2.143145e+01 -2.220270e+01 4.635000e+00
    endloop
  endfacet
  facet normal 0.000000e+00 -0.000000e+00 -1.000000e+00
    outer loop
      vertex -2.115633e+01 -2.235395e+01 4.635000e+00
      vertex -2.129627e+01 -2.228265e+01 4.635000e+00
      vertex -2.257217e+01 -1.977855e+01 4.635000e+00
    endloop
  endfacet
  facet normal 0.000000e+00 -0.000000e+00 -1.000000e+00
    outer loop
      vertex -2.257217e+01 -1.977855e+01 4.635000e+00
      vertex -2.101219e+01 -2.241632e+01 4.635000e+00
      vertex -2.115633e+01 -2.235395e+01 4.635000e+00
    endloop
  endfacet
  facet normal 0.000000e+00 -0.000000e+00 -1.000000e+00
    outer loop
      vertex -2.257217e+01 -1.977855e+01 4.635000e+00
      vertex -2.086443e+01 -2.246952e+01 4.635000e+00
      vertex -2.101219e+01 -2.241632e+01 4.635000e+00
    endloop
  endfacet
  facet normal 0.000000e+00 -0.000000e+00 -1.000000e+00
    outer loop
      vertex -2.071361e+01 -2.251334e+01 4.635000e+00
      vertex -2.086443e+01 -2.246952e+01 4.635000e+00
      vertex -2.257217e+01 -1.977855e+01 4.635000e+00
    endloop
  endfacet
  facet normal 0.000000e+00 -0.000000e+00 -1.000000e+00
    outer loop
      vertex -1.993491e+01 -2.258695e+01 4.635000e+00
      vertex -2.009188e+01 -2.259188e+01 4.635000e+00
      vertex -2.024886e+01 -2.258695e+01 4.635000e+00
    endloop
  endfacet
  facet normal 0.000000e+00 -0.000000e+00 -1.000000e+00
    outer loop
      vertex -2.257217e+01 -1.977855e+01 4.635000e+00
      vertex -2.056034e+01 -2.254760e+01 4.635000e+00
      vertex -2.071361e+01 -2.251334e+01 4.635000e+00
    endloop
  endfacet
  facet normal 0.000000e+00 -0.000000e+00 -1.000000e+00
    outer loop
      vertex -2.257217e+01 -1.977855e+01 4.635000e+00
      vertex -2.040522e+01 -2.257217e+01 4.635000e+00
      vertex -2.056034e+01 -2.254760e+01 4.635000e+00
    endloop
  endfacet
  facet normal 0.000000e+00 -0.000000e+00 -1.000000e+00
    outer loop
      vertex -1.977855e+01 -2.257217e+01 4.635000e+00
      vertex -2.040522e+01 -2.257217e+01 4.635000e+00
      vertex -2.257217e+01 -1.977855e+01 4.635000e+00
    endloop
  endfacet
  facet normal -0.000000e+00 -0.000000e+00 -1.000000e+00
    outer loop
      vertex -1.977855e+01 -2.257217e+01 4.635000e+00
      vertex -2.024886e+01 -2.258695e+01 4.635000e+00
      vertex -2.040522e+01 -2.257217e+01 4.635000e+00
    endloop
  endfacet
  facet normal 0.000000e+00 -0.000000e+00 -1.000000e+00
    outer loop
      vertex -1.993491e+01 -2.258695e+01 4.635000e+00
      vertex -2.024886e+01 -2.258695e+01 4.635000e+00
      vertex -1.977855e+01 -2.257217e+01 4.635000e+00
    endloop
  endfacet
  facet normal 0.000000e+00 -0.000000e+00 -1.000000e+00
    outer loop
      vertex -1.634261e+01 -1.957471e+01 4.635000e+00
      vertex -1.320382e+01 -2.217786e+01 4.635000e+00
      vertex -1.877855e+01 -2.257217e+01 4.635000e+00
    endloop
  endfacet
  facet normal 0.000000e+00 -0.000000e+00 -1.000000e+00
    outer loop
      vertex -1.258542e+01 -2.217786e+01 4.635000e+00
      vertex -1.320382e+01 -2.217786e+01 4.635000e+00
      vertex -1.634261e+01 -1.957471e+01 4.635000e+00
    endloop
  endfacet
  facet normal 0.000000e+00 -0.000000e+00 -1.000000e+00
    outer loop
      vertex -1.977855e+01 -2.257217e+01 4.635000e+00
      vertex -1.634261e+01 -1.957471e+01 4.635000e+00
      vertex -1.877855e+01 -2.257217e+01 4.635000e+00
    endloop
  endfacet
  facet normal 0.000000e+00 -0.000000e+00 -1.000000e+00
    outer loop
      vertex -2.257217e+01 -1.977855e+01 4.635000e+00
      vertex -1.634261e+01 -1.957471e+01 4.635000e+00
      vertex -1.977855e+01 -2.257217e+01 4.635000e+00
    endloop
  endfacet
  facet normal 0.000000e+00 -0.000000e+00 -1.000000e+00
    outer loop
      vertex -2.257217e+01 -1.977855e+01 4.635000e+00
      vertex -1.957471e+01 -1.634261e+01 4.635000e+00
      vertex -1.634261e+01 -1.957471e+01 4.635000e+00
    endloop
  endfacet
  facet normal 0.000000e+00 -0.000000e+00 -1.000000e+00
    outer loop
      vertex -2.257217e+01 -1.877855e+01 4.635000e+00
      vertex -1.957471e+01 -1.634261e+01 4.635000e+00
      vertex -2.257217e+01 -1.977855e+01 4.635000e+00
    endloop
  endfacet
  facet normal 0.000000e+00 -0.000000e+00 -1.000000e+00
    outer loop
      vertex -2.217786e+01 -1.320382e+01 4.635000e+00
      vertex -1.957471e+01 -1.634261e+01 4.635000e+00
      vertex -2.257217e+01 -1.877855e+01 4.635000e+00
    endloop
  endfacet
  facet normal 0.000000e+00 -0.000000e+00 -1.000000e+00
    outer loop
      vertex -2.217786e+01 -1.258542e+01 4.635000e+00
      vertex -1.957471e+01 -1.634261e+01 4.635000e+00
      vertex -2.217786e+01 -1.320382e+01 4.635000e+00
    endloop
  endfacet
  facet normal 0.000000e+00 -0.000000e+00 -1.000000e+00
    outer loop
      vertex -1.993491e+01 2.258695e+01 4.635000e+00
      vertex -2.024886e+01 2.258695e+01 4.635000e+00
      vertex -2.009188e+01 2.259188e+01 4.635000e+00
    endloop
  endfacet
  facet normal 0.000000e+00 -0.000000e+00 -1.000000e+00
    outer loop
      vertex -1.993491e+01 2.258695e+01 4.635000e+00
      vertex -2.040522e+01 2.257217e+01 4.635000e+00
      vertex -2.024886e+01 2.258695e+01 4.635000e+00
    endloop
  endfacet
  facet normal 0.000000e+00 -0.000000e+00 -1.000000e+00
    outer loop
      vertex -1.977855e+01 2.257217e+01 4.635000e+00
      vertex -2.040522e+01 2.257217e+01 4.635000e+00
      vertex -1.993491e+01 2.258695e+01 4.635000e+00
    endloop
  endfacet
  facet normal 0.000000e+00 -0.000000e+00 -1.000000e+00
    outer loop
      vertex -1.977855e+01 2.257217e+01 4.635000e+00
      vertex -2.056034e+01 2.254760e+01 4.635000e+00
      vertex -2.040522e+01 2.257217e+01 4.635000e+00
    endloop
  endfacet
  facet normal 0.000000e+00 -0.000000e+00 -1.000000e+00
    outer loop
      vertex -2.257217e+01 1.977855e+01 4.635000e+00
      vertex -2.056034e+01 2.254760e+01 4.635000e+00
      vertex -1.977855e+01 2.257217e+01 4.635000e+00
    endloop
  endfacet
  facet normal 0.000000e+00 -0.000000e+00 -1.000000e+00
    outer loop
      vertex -2.257217e+01 1.977855e+01 4.635000e+00
      vertex -2.071361e+01 2.251334e+01 4.635000e+00
      vertex -2.056034e+01 2.254760e+01 4.635000e+00
    endloop
  endfacet
  facet normal 0.000000e+00 -0.000000e+00 -1.000000e+00
    outer loop
      vertex -2.086443e+01 2.246952e+01 4.635000e+00
      vertex -2.071361e+01 2.251334e+01 4.635000e+00
      vertex -2.257217e+01 1.977855e+01 4.635000e+00
    endloop
  endfacet
  facet normal 0.000000e+00 -0.000000e+00 -1.000000e+00
    outer loop
      vertex -2.257217e+01 1.977855e+01 4.635000e+00
      vertex -2.101219e+01 2.241632e+01 4.635000e+00
      vertex -2.086443e+01 2.246952e+01 4.635000e+00
    endloop
  endfacet
  facet normal 0.000000e+00 -0.000000e+00 -1.000000e+00
    outer loop
      vertex -2.257217e+01 1.977855e+01 4.635000e+00
      vertex -2.115633e+01 2.235395e+01 4.635000e+00
      vertex -2.101219e+01 2.241632e+01 4.635000e+00
    endloop
  endfacet
  facet normal 0.000000e+00 -0.000000e+00 -1.000000e+00
    outer loop
      vertex -2.129627e+01 2.228265e+01 4.635000e+00
      vertex -2.115633e+01 2.235395e+01 4.635000e+00
      vertex -2.257217e+01 1.977855e+01 4.635000e+00
    endloop
  endfacet
  facet normal 0.000000e+00 -0.000000e+00 -1.000000e+00
    outer loop
      vertex -2.257217e+01 1.977855e+01 4.635000e+00
      vertex -2.143145e+01 2.220270e+01 4.635000e+00
      vertex -2.129627e+01 2.228265e+01 4.635000e+00
    endloop
  endfacet
  facet normal 0.000000e+00 -0.000000e+00 -1.000000e+00
    outer loop
      vertex -2.257217e+01 1.977855e+01 4.635000e+00
      vertex -2.156135e+01 2.211443e+01 4.635000e+00
      vertex -2.143145e+01 2.220270e+01 4.635000e+00
    endloop
  endfacet
  facet normal 0.000000e+00 -0.000000e+00 -1.000000e+00
    outer loop
      vertex -2.168544e+01 2.201817e+01 4.635000e+00
      vertex -2.156135e+01 2.211443e+01 4.635000e+00
      vertex -2.257217e+01 1.977855e+01 4.635000e+00
    endloop
  endfacet
  facet normal 0.000000e+00 -0.000000e+00 -1.000000e+00
    outer loop
      vertex -2.257217e+01 1.977855e+01 4.635000e+00
      vertex -2.180325e+01 2.191430e+01 4.635000e+00
      vertex -2.168544e+01 2.201817e+01 4.635000e+00
    endloop
  endfacet
  facet normal 0.000000e+00 -0.000000e+00 -1.000000e+00
    outer loop
      vertex -2.257217e+01 1.977855e+01 4.635000e+00
      vertex -2.191430e+01 2.180325e+01 4.635000e+00
      vertex -2.180325e+01 2.191430e+01 4.635000e+00
    endloop
  endfacet
  facet normal 0.000000e+00 -0.000000e+00 -1.000000e+00
    outer loop
      vertex -2.201817e+01 2.168544e+01 4.635000e+00
      vertex -2.191430e+01 2.180325e+01 4.635000e+00
      vertex -2.257217e+01 1.977855e+01 4.635000e+00
    endloop
  endfacet
  facet normal 0.000000e+00 -0.000000e+00 -1.000000e+00
    outer loop
      vertex -2.257217e+01 1.977855e+01 4.635000e+00
      vertex -2.211443e+01 2.156135e+01 4.635000e+00
      vertex -2.201817e+01 2.168544e+01 4.635000e+00
    endloop
  endfacet
  facet normal 0.000000e+00 -0.000000e+00 -1.000000e+00
    outer loop
      vertex -2.257217e+01 1.977855e+01 4.635000e+00
      vertex -2.220270e+01 2.143145e+01 4.635000e+00
      vertex -2.211443e+01 2.156135e+01 4.635000e+00
    endloop
  endfacet
  facet normal 0.000000e+00 -0.000000e+00 -1.000000e+00
    outer loop
      vertex -2.228265e+01 2.129627e+01 4.635000e+00
      vertex -2.220270e+01 2.143145e+01 4.635000e+00
      vertex -2.257217e+01 1.977855e+01 4.635000e+00
    endloop
  endfacet
  facet normal 0.000000e+00 -0.000000e+00 -1.000000e+00
    outer loop
      vertex -2.257217e+01 1.977855e+01 4.635000e+00
      vertex -2.235395e+01 2.115633e+01 4.635000e+00
      vertex -2.228265e+01 2.129627e+01 4.635000e+00
    endloop
  endfacet
  facet normal 0.000000e+00 -0.000000e+00 -1.000000e+00
    outer loop
      vertex -2.257217e+01 1.977855e+01 4.635000e+00
      vertex -2.241632e+01 2.101219e+01 4.635000e+00
      vertex -2.235395e+01 2.115633e+01 4.635000e+00
    endloop
  endfacet
  facet normal 0.000000e+00 -0.000000e+00 -1.000000e+00
    outer loop
      vertex -2.246952e+01 2.086443e+01 4.635000e+00
      vertex -2.241632e+01 2.101219e+01 4.635000e+00
      vertex -2.257217e+01 1.977855e+01 4.635000e+00
    endloop
  endfacet
  facet normal 0.000000e+00 -0.000000e+00 -1.000000e+00
    outer loop
      vertex -2.257217e+01 1.977855e+01 4.635000e+00
      vertex -2.251334e+01 2.071361e+01 4.635000e+00
      vertex -2.246952e+01 2.086443e+01 4.635000e+00
    endloop
  endfacet
  facet normal 0.000000e+00 -0.000000e+00 -1.000000e+00
    outer loop
      vertex -2.257217e+01 1.977855e+01 4.635000e+00
      vertex -2.254760e+01 2.056034e+01 4.635000e+00
      vertex -2.251334e+01 2.071361e+01 4.635000e+00
    endloop
  endfacet
  facet normal 0.000000e+00 -0.000000e+00 -1.000000e+00
    outer loop
      vertex -2.257217e+01 2.040522e+01 4.635000e+00
      vertex -2.254760e+01 2.056034e+01 4.635000e+00
      vertex -2.257217e+01 1.977855e+01 4.635000e+00
    endloop
  endfacet
  facet normal 0.000000e+00 -0.000000e+00 -1.000000e+00
    outer loop
      vertex -2.257217e+01 1.977855e+01 4.635000e+00
      vertex -2.258695e+01 2.024886e+01 4.635000e+00
      vertex -2.257217e+01 2.040522e+01 4.635000e+00
    endloop
  endfacet
  facet normal 0.000000e+00 -0.000000e+00 -1.000000e+00
    outer loop
      vertex -2.257217e+01 1.977855e+01 4.635000e+00
      vertex -2.259188e+01 2.009188e+01 4.635000e+00
      vertex -2.258695e+01 2.024886e+01 4.635000e+00
    endloop
  endfacet
  facet normal 0.000000e+00 -0.000000e+00 -1.000000e+00
    outer loop
      vertex -2.258695e+01 1.993491e+01 4.635000e+00
      vertex -2.259188e+01 2.009188e+01 4.635000e+00
      vertex -2.257217e+01 1.977855e+01 4.635000e+00
    endloop
  endfacet
  facet normal 0.000000e+00 -0.000000e+00 -1.000000e+00
    outer loop
      vertex -1.957471e+01 1.634261e+01 4.635000e+00
      vertex -2.217786e+01 1.258542e+01 4.635000e+00
      vertex -2.217786e+01 1.320382e+01 4.635000e+00
    endloop
  endfacet
  facet normal 0.000000e+00 -0.000000e+00 -1.000000e+00
    outer loop
      vertex -1.634261e+01 1.957471e+01 4.635000e+00
      vertex -1.977855e+01 2.257217e+01 4.635000e+00
      vertex -1.877855e+01 2.257217e+01 4.635000e+00
    endloop
  endfacet
  facet normal 0.000000e+00 -0.000000e+00 -1.000000e+00
    outer loop
      vertex -1.634261e+01 1.957471e+01 4.635000e+00
      vertex -2.257217e+01 1.977855e+01 4.635000e+00
      vertex -1.977855e+01 2.257217e+01 4.635000e+00
    endloop
  endfacet
  facet normal 0.000000e+00 -0.000000e+00 -1.000000e+00
    outer loop
      vertex -1.957471e+01 1.634261e+01 4.635000e+00
      vertex -2.257217e+01 1.977855e+01 4.635000e+00
      vertex -1.634261e+01 1.957471e+01 4.635000e+00
    endloop
  endfacet
  facet normal 0.000000e+00 -0.000000e+00 -1.000000e+00
    outer loop
      vertex -1.957471e+01 1.634261e+01 4.635000e+00
      vertex -2.257217e+01 1.877855e+01 4.635000e+00
      vertex -2.257217e+01 1.977855e+01 4.635000e+00
    endloop
  endfacet
  facet normal 0.000000e+00 -0.000000e+00 -1.000000e+00
    outer loop
      vertex -2.217786e+01 1.320382e+01 4.635000e+00
      vertex -2.257217e+01 1.877855e+01 4.635000e+00
      vertex -1.957471e+01 1.634261e+01 4.635000e+00
    endloop
  endfacet
  facet normal 0.000000e+00 -0.000000e+00 -1.000000e+00
    outer loop
      vertex -1.320382e+01 2.217786e+01 4.635000e+00
      vertex -1.634261e+01 1.957471e+01 4.635000e+00
      vertex -1.877855e+01 2.257217e+01 4.635000e+00
    endloop
  endfacet
  facet normal 0.000000e+00 -0.000000e+00 -1.000000e+00
    outer loop
      vertex -1.258542e+01 2.217786e+01 4.635000e+00
      vertex -1.634261e+01 1.957471e+01 4.635000e+00
      vertex -1.320382e+01 2.217786e+01 4.635000e+00
    endloop
  endfacet
  facet normal -0.000000e+00 -0.000000e+00 -1.000000e+00
    outer loop
      vertex 1.993491e+01 -2.258695e+01 4.635000e+00
      vertex 2.024886e+01 -2.258695e+01 4.635000e+00
      vertex 2.009188e+01 -2.259188e+01 4.635000e+00
    endloop
  endfacet
  facet normal -0.000000e+00 -0.000000e+00 -1.000000e+00
    outer loop
      vertex 1.993491e+01 -2.258695e+01 4.635000e+00
      vertex 2.040522e+01 -2.257217e+01 4.635000e+00
      vertex 2.024886e+01 -2.258695e+01 4.635000e+00
    endloop
  endfacet
  facet normal -0.000000e+00 -0.000000e+00 -1.000000e+00
    outer loop
      vertex 1.977855e+01 -2.257217e+01 4.635000e+00
      vertex 2.040522e+01 -2.257217e+01 4.635000e+00
      vertex 1.993491e+01 -2.258695e+01 4.635000e+00
    endloop
  endfacet
  facet normal -0.000000e+00 -0.000000e+00 -1.000000e+00
    outer loop
      vertex 1.977855e+01 -2.257217e+01 4.635000e+00
      vertex 2.056034e+01 -2.254760e+01 4.635000e+00
      vertex 2.040522e+01 -2.257217e+01 4.635000e+00
    endloop
  endfacet
  facet normal -0.000000e+00 -0.000000e+00 -1.000000e+00
    outer loop
      vertex 2.257217e+01 -1.977855e+01 4.635000e+00
      vertex 2.056034e+01 -2.254760e+01 4.635000e+00
      vertex 1.977855e+01 -2.257217e+01 4.635000e+00
    endloop
  endfacet
  facet normal -0.000000e+00 -0.000000e+00 -1.000000e+00
    outer loop
      vertex 2.257217e+01 -1.977855e+01 4.635000e+00
      vertex 2.071361e+01 -2.251334e+01 4.635000e+00
      vertex 2.056034e+01 -2.254760e+01 4.635000e+00
    endloop
  endfacet
  facet normal -0.000000e+00 -0.000000e+00 -1.000000e+00
    outer loop
      vertex 2.086443e+01 -2.246952e+01 4.635000e+00
      vertex 2.071361e+01 -2.251334e+01 4.635000e+00
      vertex 2.257217e+01 -1.977855e+01 4.635000e+00
    endloop
  endfacet
  facet normal -0.000000e+00 -0.000000e+00 -1.000000e+00
    outer loop
      vertex 2.257217e+01 -1.977855e+01 4.635000e+00
      vertex 2.101219e+01 -2.241632e+01 4.635000e+00
      vertex 2.086443e+01 -2.246952e+01 4.635000e+00
    endloop
  endfacet
  facet normal -0.000000e+00 -0.000000e+00 -1.000000e+00
    outer loop
      vertex 2.257217e+01 -1.977855e+01 4.635000e+00
      vertex 2.115633e+01 -2.235395e+01 4.635000e+00
      vertex 2.101219e+01 -2.241632e+01 4.635000e+00
    endloop
  endfacet
  facet normal -0.000000e+00 -0.000000e+00 -1.000000e+00
    outer loop
      vertex 2.129627e+01 -2.228265e+01 4.635000e+00
      vertex 2.115633e+01 -2.235395e+01 4.635000e+00
      vertex 2.257217e+01 -1.977855e+01 4.635000e+00
    endloop
  endfacet
  facet normal -0.000000e+00 -0.000000e+00 -1.000000e+00
    outer loop
      vertex 2.257217e+01 -1.977855e+01 4.635000e+00
      vertex 2.143145e+01 -2.220270e+01 4.635000e+00
      vertex 2.129627e+01 -2.228265e+01 4.635000e+00
    endloop
  endfacet
  facet normal -0.000000e+00 -0.000000e+00 -1.000000e+00
    outer loop
      vertex 2.257217e+01 -1.977855e+01 4.635000e+00
      vertex 2.156135e+01 -2.211443e+01 4.635000e+00
      vertex 2.143145e+01 -2.220270e+01 4.635000e+00
    endloop
  endfacet
  facet normal -0.000000e+00 -0.000000e+00 -1.000000e+00
    outer loop
      vertex 2.168544e+01 -2.201817e+01 4.635000e+00
      vertex 2.156135e+01 -2.211443e+01 4.635000e+00
      vertex 2.257217e+01 -1.977855e+01 4.635000e+00
    endloop
  endfacet
  facet normal -0.000000e+00 -0.000000e+00 -1.000000e+00
    outer loop
      vertex 2.257217e+01 -1.977855e+01 4.635000e+00
      vertex 2.180325e+01 -2.191430e+01 4.635000e+00
      vertex 2.168544e+01 -2.201817e+01 4.635000e+00
    endloop
  endfacet
  facet normal -0.000000e+00 -0.000000e+00 -1.000000e+00
    outer loop
      vertex 2.257217e+01 -1.977855e+01 4.635000e+00
      vertex 2.191430e+01 -2.180325e+01 4.635000e+00
      vertex 2.180325e+01 -2.191430e+01 4.635000e+00
    endloop
  endfacet
  facet normal -0.000000e+00 -0.000000e+00 -1.000000e+00
    outer loop
      vertex 2.201817e+01 -2.168544e+01 4.635000e+00
      vertex 2.191430e+01 -2.180325e+01 4.635000e+00
      vertex 2.257217e+01 -1.977855e+01 4.635000e+00
    endloop
  endfacet
  facet normal -0.000000e+00 -0.000000e+00 -1.000000e+00
    outer loop
      vertex 2.257217e+01 -1.977855e+01 4.635000e+00
      vertex 2.211443e+01 -2.156135e+01 4.635000e+00
      vertex 2.201817e+01 -2.168544e+01 4.635000e+00
    endloop
  endfacet
  facet normal -0.000000e+00 -0.000000e+00 -1.000000e+00
    outer loop
      vertex 2.257217e+01 -1.977855e+01 4.635000e+00
      vertex 2.220270e+01 -2.143145e+01 4.635000e+00
      vertex 2.211443e+01 -2.156135e+01 4.635000e+00
    endloop
  endfacet
  facet normal -0.000000e+00 -0.000000e+00 -1.000000e+00
    outer loop
      vertex 2.228265e+01 -2.129627e+01 4.635000e+00
      vertex 2.220270e+01 -2.143145e+01 4.635000e+00
      vertex 2.257217e+01 -1.977855e+01 4.635000e+00
    endloop
  endfacet
  facet normal -0.000000e+00 -0.000000e+00 -1.000000e+00
    outer loop
      vertex 2.257217e+01 -1.977855e+01 4.635000e+00
      vertex 2.235395e+01 -2.115633e+01 4.635000e+00
      vertex 2.228265e+01 -2.129627e+01 4.635000e+00
    endloop
  endfacet
  facet normal -0.000000e+00 -0.000000e+00 -1.000000e+00
    outer loop
      vertex 2.257217e+01 -1.977855e+01 4.635000e+00
      vertex 2.241632e+01 -2.101219e+01 4.635000e+00
      vertex 2.235395e+01 -2.115633e+01 4.635000e+00
    endloop
  endfacet
  facet normal -0.000000e+00 -0.000000e+00 -1.000000e+00
    outer loop
      vertex 2.246952e+01 -2.086443e+01 4.635000e+00
      vertex 2.241632e+01 -2.101219e+01 4.635000e+00
      vertex 2.257217e+01 -1.977855e+01 4.635000e+00
    endloop
  endfacet
  facet normal -0.000000e+00 -0.000000e+00 -1.000000e+00
    outer loop
      vertex 2.257217e+01 -1.977855e+01 4.635000e+00
      vertex 2.251334e+01 -2.071361e+01 4.635000e+00
      vertex 2.246952e+01 -2.086443e+01 4.635000e+00
    endloop
  endfacet
  facet normal -0.000000e+00 -0.000000e+00 -1.000000e+00
    outer loop
      vertex 2.257217e+01 -1.977855e+01 4.635000e+00
      vertex 2.254760e+01 -2.056034e+01 4.635000e+00
      vertex 2.251334e+01 -2.071361e+01 4.635000e+00
    endloop
  endfacet
  facet normal -0.000000e+00 -0.000000e+00 -1.000000e+00
    outer loop
      vertex 2.257217e+01 -2.040522e+01 4.635000e+00
      vertex 2.254760e+01 -2.056034e+01 4.635000e+00
      vertex 2.257217e+01 -1.977855e+01 4.635000e+00
    endloop
  endfacet
  facet normal -0.000000e+00 -0.000000e+00 -1.000000e+00
    outer loop
      vertex 2.257217e+01 -1.977855e+01 4.635000e+00
      vertex 2.258695e+01 -2.024886e+01 4.635000e+00
      vertex 2.257217e+01 -2.040522e+01 4.635000e+00
    endloop
  endfacet
  facet normal -0.000000e+00 -0.000000e+00 -1.000000e+00
    outer loop
      vertex 2.257217e+01 -1.977855e+01 4.635000e+00
      vertex 2.259188e+01 -2.009188e+01 4.635000e+00
      vertex 2.258695e+01 -2.024886e+01 4.635000e+00
    endloop
  endfacet
  facet normal -0.000000e+00 -0.000000e+00 -1.000000e+00
    outer loop
      vertex 2.258695e+01 -1.993491e+01 4.635000e+00
      vertex 2.259188e+01 -2.009188e+01 4.635000e+00
      vertex 2.257217e+01 -1.977855e+01 4.635000e+00
    endloop
  endfacet
  facet normal -0.000000e+00 -0.000000e+00 -1.000000e+00
    outer loop
      vertex 1.957471e+01 -1.634261e+01 4.635000e+00
      vertex 2.217786e+01 -1.258542e+01 4.635000e+00
      vertex 2.217786e+01 -1.320382e+01 4.635000e+00
    endloop
  endfacet
  facet normal -0.000000e+00 -0.000000e+00 -1.000000e+00
    outer loop
      vertex 1.634261e+01 -1.957471e+01 4.635000e+00
      vertex 1.977855e+01 -2.257217e+01 4.635000e+00
      vertex 1.877855e+01 -2.257217e+01 4.635000e+00
    endloop
  endfacet
  facet normal -0.000000e+00 -0.000000e+00 -1.000000e+00
    outer loop
      vertex 1.634261e+01 -1.957471e+01 4.635000e+00
      vertex 2.257217e+01 -1.977855e+01 4.635000e+00
      vertex 1.977855e+01 -2.257217e+01 4.635000e+00
    endloop
  endfacet
  facet normal -0.000000e+00 -0.000000e+00 -1.000000e+00
    outer loop
      vertex 1.957471e+01 -1.634261e+01 4.635000e+00
      vertex 2.257217e+01 -1.977855e+01 4.635000e+00
      vertex 1.634261e+01 -1.957471e+01 4.635000e+00
    endloop
  endfacet
  facet normal -0.000000e+00 -0.000000e+00 -1.000000e+00
    outer loop
      vertex 1.957471e+01 -1.634261e+01 4.635000e+00
      vertex 2.257217e+01 -1.877855e+01 4.635000e+00
      vertex 2.257217e+01 -1.977855e+01 4.635000e+00
    endloop
  endfacet
  facet normal -0.000000e+00 -0.000000e+00 -1.000000e+00
    outer loop
      vertex 2.217786e+01 -1.320382e+01 4.635000e+00
      vertex 2.257217e+01 -1.877855e+01 4.635000e+00
      vertex 1.957471e+01 -1.634261e+01 4.635000e+00
    endloop
  endfacet
  facet normal -0.000000e+00 -0.000000e+00 -1.000000e+00
    outer loop
      vertex 1.320382e+01 -2.217786e+01 4.635000e+00
      vertex 1.634261e+01 -1.957471e+01 4.635000e+00
      vertex 1.877855e+01 -2.257217e+01 4.635000e+00
    endloop
  endfacet
  facet normal -0.000000e+00 -0.000000e+00 -1.000000e+00
    outer loop
      vertex 1.258542e+01 -2.217786e+01 4.635000e+00
      vertex 1.634261e+01 -1.957471e+01 4.635000e+00
      vertex 1.320382e+01 -2.217786e+01 4.635000e+00
    endloop
  endfacet
  facet normal -0.000000e+00 -0.000000e+00 -1.000000e+00
    outer loop
      vertex 2.259188e+01 2.009188e+01 4.635000e+00
      vertex 2.258695e+01 1.993491e+01 4.635000e+00
      vertex 2.257217e+01 1.977855e+01 4.635000e+00
    endloop
  endfacet
  facet normal -0.000000e+00 -0.000000e+00 -1.000000e+00
    outer loop
      vertex 2.257217e+01 1.977855e+01 4.635000e+00
      vertex 2.258695e+01 2.024886e+01 4.635000e+00
      vertex 2.259188e+01 2.009188e+01 4.635000e+00
    endloop
  endfacet
  facet normal -0.000000e+00 -0.000000e+00 -1.000000e+00
    outer loop
      vertex 2.257217e+01 1.977855e+01 4.635000e+00
      vertex 2.257217e+01 2.040522e+01 4.635000e+00
      vertex 2.258695e+01 2.024886e+01 4.635000e+00
    endloop
  endfacet
  facet normal -0.000000e+00 -0.000000e+00 -1.000000e+00
    outer loop
      vertex 2.254760e+01 2.056034e+01 4.635000e+00
      vertex 2.257217e+01 2.040522e+01 4.635000e+00
      vertex 2.257217e+01 1.977855e+01 4.635000e+00
    endloop
  endfacet
  facet normal -0.000000e+00 -0.000000e+00 -1.000000e+00
    outer loop
      vertex 2.257217e+01 1.977855e+01 4.635000e+00
      vertex 2.251334e+01 2.071361e+01 4.635000e+00
      vertex 2.254760e+01 2.056034e+01 4.635000e+00
    endloop
  endfacet
  facet normal -0.000000e+00 -0.000000e+00 -1.000000e+00
    outer loop
      vertex 2.257217e+01 1.977855e+01 4.635000e+00
      vertex 2.246952e+01 2.086443e+01 4.635000e+00
      vertex 2.251334e+01 2.071361e+01 4.635000e+00
    endloop
  endfacet
  facet normal -0.000000e+00 -0.000000e+00 -1.000000e+00
    outer loop
      vertex 2.241632e+01 2.101219e+01 4.635000e+00
      vertex 2.246952e+01 2.086443e+01 4.635000e+00
      vertex 2.257217e+01 1.977855e+01 4.635000e+00
    endloop
  endfacet
  facet normal -0.000000e+00 -0.000000e+00 -1.000000e+00
    outer loop
      vertex 2.257217e+01 1.977855e+01 4.635000e+00
      vertex 2.235395e+01 2.115633e+01 4.635000e+00
      vertex 2.241632e+01 2.101219e+01 4.635000e+00
    endloop
  endfacet
  facet normal -0.000000e+00 -0.000000e+00 -1.000000e+00
    outer loop
      vertex 2.257217e+01 1.977855e+01 4.635000e+00
      vertex 2.228265e+01 2.129627e+01 4.635000e+00
      vertex 2.235395e+01 2.115633e+01 4.635000e+00
    endloop
  endfacet
  facet normal -0.000000e+00 -0.000000e+00 -1.000000e+00
    outer loop
      vertex 2.220270e+01 2.143145e+01 4.635000e+00
      vertex 2.228265e+01 2.129627e+01 4.635000e+00
      vertex 2.257217e+01 1.977855e+01 4.635000e+00
    endloop
  endfacet
  facet normal -0.000000e+00 -0.000000e+00 -1.000000e+00
    outer loop
      vertex 2.257217e+01 1.977855e+01 4.635000e+00
      vertex 2.211443e+01 2.156135e+01 4.635000e+00
      vertex 2.220270e+01 2.143145e+01 4.635000e+00
    endloop
  endfacet
  facet normal -0.000000e+00 -0.000000e+00 -1.000000e+00
    outer loop
      vertex 2.257217e+01 1.977855e+01 4.635000e+00
      vertex 2.201817e+01 2.168544e+01 4.635000e+00
      vertex 2.211443e+01 2.156135e+01 4.635000e+00
    endloop
  endfacet
  facet normal -0.000000e+00 -0.000000e+00 -1.000000e+00
    outer loop
      vertex 2.191430e+01 2.180325e+01 4.635000e+00
      vertex 2.201817e+01 2.168544e+01 4.635000e+00
      vertex 2.257217e+01 1.977855e+01 4.635000e+00
    endloop
  endfacet
  facet normal -0.000000e+00 -0.000000e+00 -1.000000e+00
    outer loop
      vertex 2.257217e+01 1.977855e+01 4.635000e+00
      vertex 2.180325e+01 2.191430e+01 4.635000e+00
      vertex 2.191430e+01 2.180325e+01 4.635000e+00
    endloop
  endfacet
  facet normal -0.000000e+00 -0.000000e+00 -1.000000e+00
    outer loop
      vertex 2.257217e+01 1.977855e+01 4.635000e+00
      vertex 2.168544e+01 2.201817e+01 4.635000e+00
      vertex 2.180325e+01 2.191430e+01 4.635000e+00
    endloop
  endfacet
  facet normal -0.000000e+00 -0.000000e+00 -1.000000e+00
    outer loop
      vertex 2.156135e+01 2.211443e+01 4.635000e+00
      vertex 2.168544e+01 2.201817e+01 4.635000e+00
      vertex 2.257217e+01 1.977855e+01 4.635000e+00
    endloop
  endfacet
  facet normal -0.000000e+00 -0.000000e+00 -1.000000e+00
    outer loop
      vertex 2.257217e+01 1.977855e+01 4.635000e+00
      vertex 2.143145e+01 2.220270e+01 4.635000e+00
      vertex 2.156135e+01 2.211443e+01 4.635000e+00
    endloop
  endfacet
  facet normal -0.000000e+00 -0.000000e+00 -1.000000e+00
    outer loop
      vertex 2.257217e+01 1.977855e+01 4.635000e+00
      vertex 2.129627e+01 2.228265e+01 4.635000e+00
      vertex 2.143145e+01 2.220270e+01 4.635000e+00
    endloop
  endfacet
  facet normal -0.000000e+00 -0.000000e+00 -1.000000e+00
    outer loop
      vertex 2.115633e+01 2.235395e+01 4.635000e+00
      vertex 2.129627e+01 2.228265e+01 4.635000e+00
      vertex 2.257217e+01 1.977855e+01 4.635000e+00
    endloop
  endfacet
  facet normal -0.000000e+00 -0.000000e+00 -1.000000e+00
    outer loop
      vertex 2.257217e+01 1.977855e+01 4.635000e+00
      vertex 2.101219e+01 2.241632e+01 4.635000e+00
      vertex 2.115633e+01 2.235395e+01 4.635000e+00
    endloop
  endfacet
  facet normal -0.000000e+00 -0.000000e+00 -1.000000e+00
    outer loop
      vertex 2.257217e+01 1.977855e+01 4.635000e+00
      vertex 2.086443e+01 2.246952e+01 4.635000e+00
      vertex 2.101219e+01 2.241632e+01 4.635000e+00
    endloop
  endfacet
  facet normal -0.000000e+00 -0.000000e+00 -1.000000e+00
    outer loop
      vertex 2.071361e+01 2.251334e+01 4.635000e+00
      vertex 2.086443e+01 2.246952e+01 4.635000e+00
      vertex 2.257217e+01 1.977855e+01 4.635000e+00
    endloop
  endfacet
  facet normal -0.000000e+00 -0.000000e+00 -1.000000e+00
    outer loop
      vertex 1.993491e+01 2.258695e+01 4.635000e+00
      vertex 2.009188e+01 2.259188e+01 4.635000e+00
      vertex 2.024886e+01 2.258695e+01 4.635000e+00
    endloop
  endfacet
  facet normal -0.000000e+00 -0.000000e+00 -1.000000e+00
    outer loop
      vertex 2.257217e+01 1.977855e+01 4.635000e+00
      vertex 2.056034e+01 2.254760e+01 4.635000e+00
      vertex 2.071361e+01 2.251334e+01 4.635000e+00
    endloop
  endfacet
  facet normal -0.000000e+00 -0.000000e+00 -1.000000e+00
    outer loop
      vertex 2.257217e+01 1.977855e+01 4.635000e+00
      vertex 2.040522e+01 2.257217e+01 4.635000e+00
      vertex 2.056034e+01 2.254760e+01 4.635000e+00
    endloop
  endfacet
  facet normal -0.000000e+00 -0.000000e+00 -1.000000e+00
    outer loop
      vertex 1.977855e+01 2.257217e+01 4.635000e+00
      vertex 2.040522e+01 2.257217e+01 4.635000e+00
      vertex 2.257217e+01 1.977855e+01 4.635000e+00
    endloop
  endfacet
  facet normal -0.000000e+00 -0.000000e+00 -1.000000e+00
    outer loop
      vertex 1.977855e+01 2.257217e+01 4.635000e+00
      vertex 2.024886e+01 2.258695e+01 4.635000e+00
      vertex 2.040522e+01 2.257217e+01 4.635000e+00
    endloop
  endfacet
  facet normal -0.000000e+00 -0.000000e+00 -1.000000e+00
    outer loop
      vertex 1.993491e+01 2.258695e+01 4.635000e+00
      vertex 2.024886e+01 2.258695e+01 4.635000e+00
      vertex 1.977855e+01 2.257217e+01 4.635000e+00
    endloop
  endfacet
  facet normal -0.000000e+00 -0.000000e+00 -1.000000e+00
    outer loop
      vertex 1.634261e+01 1.957471e+01 4.635000e+00
      vertex 1.320382e+01 2.217786e+01 4.635000e+00
      vertex 1.877855e+01 2.257217e+01 4.635000e+00
    endloop
  endfacet
  facet normal -0.000000e+00 -0.000000e+00 -1.000000e+00
    outer loop
      vertex 1.258542e+01 2.217786e+01 4.635000e+00
      vertex 1.320382e+01 2.217786e+01 4.635000e+00
      vertex 1.634261e+01 1.957471e+01 4.635000e+00
    endloop
  endfacet
  facet normal -0.000000e+00 -0.000000e+00 -1.000000e+00
    outer loop
      vertex 1.977855e+01 2.257217e+01 4.635000e+00
      vertex 1.634261e+01 1.957471e+01 4.635000e+00
      vertex 1.877855e+01 2.257217e+01 4.635000e+00
    endloop
  endfacet
  facet normal -0.000000e+00 -0.000000e+00 -1.000000e+00
    outer loop
      vertex 2.257217e+01 1.977855e+01 4.635000e+00
      vertex 1.634261e+01 1.957471e+01 4.635000e+00
      vertex 1.977855e+01 2.257217e+01 4.635000e+00
    endloop
  endfacet
  facet normal -0.000000e+00 -0.000000e+00 -1.000000e+00
    outer loop
      vertex 2.257217e+01 1.977855e+01 4.635000e+00
      vertex 1.957471e+01 1.634261e+01 4.635000e+00
      vertex 1.634261e+01 1.957471e+01 4.635000e+00
    endloop
  endfacet
  facet normal -0.000000e+00 -0.000000e+00 -1.000000e+00
    outer loop
      vertex 2.257217e+01 1.877855e+01 4.635000e+00
      vertex 1.957471e+01 1.634261e+01 4.635000e+00
      vertex 2.257217e+01 1.977855e+01 4.635000e+00
    endloop
  endfacet
  facet normal -0.000000e+00 -0.000000e+00 -1.000000e+00
    outer loop
      vertex 2.217786e+01 1.320382e+01 4.635000e+00
      vertex 1.957471e+01 1.634261e+01 4.635000e+00
      vertex 2.257217e+01 1.877855e+01 4.635000e+00
    endloop
  endfacet
  facet normal -0.000000e+00 -0.000000e+00 -1.000000e+00
    outer loop
      vertex 2.217786e+01 1.258542e+01 4.635000e+00
      vertex 1.957471e+01 1.634261e+01 4.635000e+00
      vertex 2.217786e+01 1.320382e+01 4.635000e+00
    endloop
  endfacet
  facet normal 9.613821e-02 9.930317e-01 -0.000000e+00
    outer loop
      vertex 2.548079e+01 -9.895475e-01 5.635000e+00
      vertex 2.562500e+01 -1.000000e+00 1.635000e+00
      vertex 2.548079e+01 -9.895475e-01 1.635000e+00
    endloop
  endfacet
  facet normal 4.806910e-02 9.965158e-01 -0.000000e+00
    outer loop
      vertex 2.562500e+01 -1.000000e+00 5.635000e+00
      vertex 2.562500e+01 -1.000000e+00 1.635000e+00
      vertex 2.548079e+01 -9.895475e-01 5.635000e+00
    endloop
  endfacet
  facet normal -1.128682e-01 9.803097e-01 -0.000000e+00
    outer loop
      vertex 2.562500e+01 -1.000000e+00 5.635000e+00
      vertex 2.596360e+01 -9.409288e-01 1.635000e+00
      vertex 2.562500e+01 -1.000000e+00 1.635000e+00
    endloop
  endfacet
  facet normal -2.257363e-01 9.606192e-01 -0.000000e+00
    outer loop
      vertex 2.596360e+01 -9.409288e-01 5.635000e+00
      vertex 2.596360e+01 -9.409288e-01 1.635000e+00
      vertex 2.562500e+01 -1.000000e+00 5.635000e+00
    endloop
  endfacet
  facet normal -4.729645e-01 8.508688e-01 -0.000000e+00
    outer loop
      vertex 2.636668e+01 -6.707487e-01 5.635000e+00
      vertex 2.596360e+01 -9.409288e-01 1.635000e+00
      vertex 2.596360e+01 -9.409288e-01 5.635000e+00
    endloop
  endfacet
  facet normal -6.073246e-01 7.608088e-01 -0.000000e+00
    outer loop
      vertex 2.636668e+01 -6.707487e-01 1.635000e+00
      vertex 2.596360e+01 -9.409288e-01 1.635000e+00
      vertex 2.636668e+01 -6.707487e-01 5.635000e+00
    endloop
  endfacet
  facet normal -8.178297e-01 5.280414e-01 -0.000000e+00
    outer loop
      vertex 2.659512e+01 -2.426268e-01 5.635000e+00
      vertex 2.636668e+01 -6.707487e-01 1.635000e+00
      vertex 2.636668e+01 -6.707487e-01 5.635000e+00
    endloop
  endfacet
  facet normal -8.939747e-01 3.853341e-01 -0.000000e+00
    outer loop
      vertex 2.659512e+01 -2.426268e-01 1.635000e+00
      vertex 2.636668e+01 -6.707487e-01 1.635000e+00
      vertex 2.659512e+01 -2.426268e-01 5.635000e+00
    endloop
  endfacet
  facet normal -9.701197e-01 8.087558e-02 -0.000000e+00
    outer loop
      vertex 2.659512e+01 2.426268e-01 5.635000e+00
      vertex 2.659512e+01 -2.426268e-01 1.635000e+00
      vertex 2.659512e+01 -2.426268e-01 5.635000e+00
    endloop
  endfacet
  facet normal -9.701197e-01 -8.087558e-02 -0.000000e+00
    outer loop
      vertex 2.659512e+01 2.426268e-01 1.635000e+00
      vertex 2.659512e+01 -2.426268e-01 1.635000e+00
      vertex 2.659512e+01 2.426268e-01 5.635000e+00
    endloop
  endfacet
  facet normal -8.939747e-01 -3.853341e-01 -0.000000e+00
    outer loop
      vertex 2.636668e+01 6.707487e-01 5.635000e+00
      vertex 2.659512e+01 2.426268e-01 1.635000e+00
      vertex 2.659512e+01 2.426268e-01 5.635000e+00
    endloop
  endfacet
  facet normal -8.178297e-01 -5.280414e-01 -0.000000e+00
    outer loop
      vertex 2.636668e+01 6.707487e-01 1.635000e+00
      vertex 2.659512e+01 2.426268e-01 1.635000e+00
      vertex 2.636668e+01 6.707487e-01 5.635000e+00
    endloop
  endfacet
  facet normal -6.073246e-01 -7.608088e-01 -0.000000e+00
    outer loop
      vertex 2.596360e+01 9.409288e-01 5.635000e+00
      vertex 2.636668e+01 6.707487e-01 1.635000e+00
      vertex 2.636668e+01 6.707487e-01 5.635000e+00
    endloop
  endfacet
  facet normal -4.729645e-01 -8.508688e-01 -0.000000e+00
    outer loop
      vertex 2.596360e+01 9.409288e-01 1.635000e+00
      vertex 2.636668e+01 6.707487e-01 1.635000e+00
      vertex 2.596360e+01 9.409288e-01 5.635000e+00
    endloop
  endfacet
  facet normal -1.776672e-01 -9.571350e-01 -0.000000e+00
    outer loop
      vertex 2.548079e+01 9.895475e-01 5.635000e+00
      vertex 2.596360e+01 9.409288e-01 1.635000e+00
      vertex 2.596360e+01 9.409288e-01 5.635000e+00
    endloop
  endfacet
  facet normal -1.672994e-02 -9.733413e-01 -0.000000e+00
    outer loop
      vertex 2.548079e+01 9.895475e-01 1.635000e+00
      vertex 2.596360e+01 9.409288e-01 1.635000e+00
      vertex 2.548079e+01 9.895475e-01 5.635000e+00
    endloop
  endfacet
  facet normal 9.106836e-01 -3.333333e-01 -0.000000e+00
    outer loop
      vertex -3.285788e+01 -2.835000e+01 1.635000e+00
      vertex -3.285788e+01 -2.835000e+01 5.635000e+00
      vertex -3.330000e+01 -3.000000e+01 5.635000e+00
    endloop
  endfacet
  facet normal 7.440169e-01 -6.220085e-01 -0.000000e+00
    outer loop
      vertex -3.165000e+01 -2.714212e+01 1.635000e+00
      vertex -3.285788e+01 -2.835000e+01 5.635000e+00
      vertex -3.285788e+01 -2.835000e+01 1.635000e+00
    endloop
  endfacet
  facet normal 6.220085e-01 -7.440169e-01 -0.000000e+00
    outer loop
      vertex -3.165000e+01 -2.714212e+01 1.635000e+00
      vertex -3.165000e+01 -2.714212e+01 5.635000e+00
      vertex -3.285788e+01 -2.835000e+01 5.635000e+00
    endloop
  endfacet
  facet normal 3.333333e-01 -9.106836e-01 -0.000000e+00
    outer loop
      vertex -3.000000e+01 -2.670000e+01 1.635000e+00
      vertex -3.165000e+01 -2.714212e+01 5.635000e+00
      vertex -3.165000e+01 -2.714212e+01 1.635000e+00
    endloop
  endfacet
  facet normal 1.666667e-01 -9.553418e-01 -0.000000e+00
    outer loop
      vertex -3.000000e+01 -2.670000e+01 1.635000e+00
      vertex -3.000000e+01 -2.670000e+01 5.635000e+00
      vertex -3.165000e+01 -2.714212e+01 5.635000e+00
    endloop
  endfacet
  facet normal -1.666667e-01 -9.553418e-01 -0.000000e+00
    outer loop
      vertex -2.835000e+01 -2.714212e+01 1.635000e+00
      vertex -3.000000e+01 -2.670000e+01 5.635000e+00
      vertex -3.000000e+01 -2.670000e+01 1.635000e+00
    endloop
  endfacet
  facet normal -3.333333e-01 -9.106836e-01 -0.000000e+00
    outer loop
      vertex -2.835000e+01 -2.714212e+01 1.635000e+00
      vertex -2.835000e+01 -2.714212e+01 5.635000e+00
      vertex -3.000000e+01 -2.670000e+01 5.635000e+00
    endloop
  endfacet
  facet normal -6.220085e-01 -7.440169e-01 -0.000000e+00
    outer loop
      vertex -2.714212e+01 -2.835000e+01 1.635000e+00
      vertex -2.835000e+01 -2.714212e+01 5.635000e+00
      vertex -2.835000e+01 -2.714212e+01 1.635000e+00
    endloop
  endfacet
  facet normal -7.440169e-01 -6.220085e-01 -0.000000e+00
    outer loop
      vertex -2.714212e+01 -2.835000e+01 1.635000e+00
      vertex -2.714212e+01 -2.835000e+01 5.635000e+00
      vertex -2.835000e+01 -2.714212e+01 5.635000e+00
    endloop
  endfacet
  facet normal -9.106836e-01 -3.333333e-01 0.000000e+00
    outer loop
      vertex -2.670000e+01 -3.000000e+01 1.635000e+00
      vertex -2.714212e+01 -2.835000e+01 5.635000e+00
      vertex -2.714212e+01 -2.835000e+01 1.635000e+00
    endloop
  endfacet
  facet normal -9.553418e-01 -1.666667e-01 0.000000e+00
    outer loop
      vertex -2.670000e+01 -3.000000e+01 1.635000e+00
      vertex -2.670000e+01 -3.000000e+01 5.635000e+00
      vertex -2.714212e+01 -2.835000e+01 5.635000e+00
    endloop
  endfacet
  facet normal -9.553418e-01 1.666667e-01 0.000000e+00
    outer loop
      vertex -2.714212e+01 -3.165000e+01 1.635000e+00
      vertex -2.670000e+01 -3.000000e+01 5.635000e+00
      vertex -2.670000e+01 -3.000000e+01 1.635000e+00
    endloop
  endfacet
  facet normal -9.106836e-01 3.333333e-01 0.000000e+00
    outer loop
      vertex -2.714212e+01 -3.165000e+01 1.635000e+00
      vertex -2.714212e+01 -3.165000e+01 5.635000e+00
      vertex -2.670000e+01 -3.000000e+01 5.635000e+00
    endloop
  endfacet
  facet normal -7.440169e-01 6.220085e-01 -0.000000e+00
    outer loop
      vertex -2.835000e+01 -3.285788e+01 1.635000e+00
      vertex -2.714212e+01 -3.165000e+01 5.635000e+00
      vertex -2.714212e+01 -3.165000e+01 1.635000e+00
    endloop
  endfacet
  facet normal -6.220085e-01 7.440169e-01 -0.000000e+00
    outer loop
      vertex -2.835000e+01 -3.285788e+01 1.635000e+00
      vertex -2.835000e+01 -3.285788e+01 5.635000e+00
      vertex -2.714212e+01 -3.165000e+01 5.635000e+00
    endloop
  endfacet
  facet normal -3.333333e-01 9.106836e-01 -0.000000e+00
    outer loop
      vertex -3.000000e+01 -3.330000e+01 1.635000e+00
      vertex -2.835000e+01 -3.285788e+01 5.635000e+00
      vertex -2.835000e+01 -3.285788e+01 1.635000e+00
    endloop
  endfacet
  facet normal -1.666667e-01 9.553418e-01 -0.000000e+00
    outer loop
      vertex -3.000000e+01 -3.330000e+01 1.635000e+00
      vertex -3.000000e+01 -3.330000e+01 5.635000e+00
      vertex -2.835000e+01 -3.285788e+01 5.635000e+00
    endloop
  endfacet
  facet normal 1.666667e-01 9.553418e-01 -0.000000e+00
    outer loop
      vertex -3.165000e+01 -3.285788e+01 1.635000e+00
      vertex -3.000000e+01 -3.330000e+01 5.635000e+00
      vertex -3.000000e+01 -3.330000e+01 1.635000e+00
    endloop
  endfacet
  facet normal 3.333333e-01 9.106836e-01 -0.000000e+00
    outer loop
      vertex -3.165000e+01 -3.285788e+01 1.635000e+00
      vertex -3.165000e+01 -3.285788e+01 5.635000e+00
      vertex -3.000000e+01 -3.330000e+01 5.635000e+00
    endloop
  endfacet
  facet normal 6.220085e-01 7.440169e-01 -0.000000e+00
    outer loop
      vertex -3.285788e+01 -3.165000e+01 1.635000e+00
      vertex -3.165000e+01 -3.285788e+01 5.635000e+00
      vertex -3.165000e+01 -3.285788e+01 1.635000e+00
    endloop
  endfacet
  facet normal 7.440169e-01 6.220085e-01 -0.000000e+00
    outer loop
      vertex -3.285788e+01 -3.165000e+01 1.635000e+00
      vertex -3.285788e+01 -3.165000e+01 5.635000e+00
      vertex -3.165000e+01 -3.285788e+01 5.635000e+00
    endloop
  endfacet
  facet normal 9.106836e-01 3.333333e-01 -0.000000e+00
    outer loop
      vertex -3.330000e+01 -3.000000e+01 1.635000e+00
      vertex -3.285788e+01 -3.165000e+01 5.635000e+00
      vertex -3.285788e+01 -3.165000e+01 1.635000e+00
    endloop
  endfacet
  facet normal 9.553418e-01 1.666667e-01 -0.000000e+00
    outer loop
      vertex -3.330000e+01 -3.000000e+01 1.635000e+00
      vertex -3.330000e+01 -3.000000e+01 5.635000e+00
      vertex -3.285788e+01 -3.165000e+01 5.635000e+00
    endloop
  endfacet
  facet normal 9.553418e-01 -1.666667e-01 -0.000000e+00
    outer loop
      vertex -3.285788e+01 -2.835000e+01 1.635000e+00
      vertex -3.330000e+01 -3.000000e+01 5.635000e+00
      vertex -3.330000e+01 -3.000000e+01 1.635000e+00
    endloop
  endfacet
  facet normal -9.106836e-01 3.333333e-01 -0.000000e+00
    outer loop
      vertex 3.285788e+01 -3.165000e+01 1.635000e+00
      vertex 3.285788e+01 -3.165000e+01 5.635000e+00
      vertex 3.330000e+01 -3.000000e+01 5.635000e+00
    endloop
  endfacet
  facet normal -7.440169e-01 6.220085e-01 -0.000000e+00
    outer loop
      vertex 3.165000e+01 -3.285788e+01 1.635000e+00
      vertex 3.285788e+01 -3.165000e+01 5.635000e+00
      vertex 3.285788e+01 -3.165000e+01 1.635000e+00
    endloop
  endfacet
  facet normal -6.220085e-01 7.440169e-01 -0.000000e+00
    outer loop
      vertex 3.165000e+01 -3.285788e+01 1.635000e+00
      vertex 3.165000e+01 -3.285788e+01 5.635000e+00
      vertex 3.285788e+01 -3.165000e+01 5.635000e+00
    endloop
  endfacet
  facet normal -3.333333e-01 9.106836e-01 -0.000000e+00
    outer loop
      vertex 3.000000e+01 -3.330000e+01 1.635000e+00
      vertex 3.165000e+01 -3.285788e+01 5.635000e+00
      vertex 3.165000e+01 -3.285788e+01 1.635000e+00
    endloop
  endfacet
  facet normal -1.666667e-01 9.553418e-01 -0.000000e+00
    outer loop
      vertex 3.000000e+01 -3.330000e+01 1.635000e+00
      vertex 3.000000e+01 -3.330000e+01 5.635000e+00
      vertex 3.165000e+01 -3.285788e+01 5.635000e+00
    endloop
  endfacet
  facet normal 1.666667e-01 9.553418e-01 -0.000000e+00
    outer loop
      vertex 2.835000e+01 -3.285788e+01 1.635000e+00
      vertex 3.000000e+01 -3.330000e+01 5.635000e+00
      vertex 3.000000e+01 -3.330000e+01 1.635000e+00
    endloop
  endfacet
  facet normal 3.333333e-01 9.106836e-01 -0.000000e+00
    outer loop
      vertex 2.835000e+01 -3.285788e+01 1.635000e+00
      vertex 2.835000e+01 -3.285788e+01 5.635000e+00
      vertex 3.000000e+01 -3.330000e+01 5.635000e+00
    endloop
  endfacet
  facet normal 6.220085e-01 7.440169e-01 -0.000000e+00
    outer loop
      vertex 2.714212e+01 -3.165000e+01 1.635000e+00
      vertex 2.835000e+01 -3.285788e+01 5.635000e+00
      vertex 2.835000e+01 -3.285788e+01 1.635000e+00
    endloop
  endfacet
  facet normal 7.440169e-01 6.220085e-01 -0.000000e+00
    outer loop
      vertex 2.714212e+01 -3.165000e+01 1.635000e+00
      vertex 2.714212e+01 -3.165000e+01 5.635000e+00
      vertex 2.835000e+01 -3.285788e+01 5.635000e+00
    endloop
  endfacet
  facet normal 9.106836e-01 3.333333e-01 -0.000000e+00
    outer loop
      vertex 2.670000e+01 -3.000000e+01 1.635000e+00
      vertex 2.714212e+01 -3.165000e+01 5.635000e+00
      vertex 2.714212e+01 -3.165000e+01 1.635000e+00
    endloop
  endfacet
  facet normal 9.553418e-01 1.666667e-01 -0.000000e+00
    outer loop
      vertex 2.670000e+01 -3.000000e+01 1.635000e+00
      vertex 2.670000e+01 -3.000000e+01 5.635000e+00
      vertex 2.714212e+01 -3.165000e+01 5.635000e+00
    endloop
  endfacet
  facet normal 9.553418e-01 -1.666667e-01 -0.000000e+00
    outer loop
      vertex 2.714212e+01 -2.835000e+01 1.635000e+00
      vertex 2.670000e+01 -3.000000e+01 5.635000e+00
      vertex 2.670000e+01 -3.000000e+01 1.635000e+00
    endloop
  endfacet
  facet normal 9.106836e-01 -3.333333e-01 -0.000000e+00
    outer loop
      vertex 2.714212e+01 -2.835000e+01 1.635000e+00
      vertex 2.714212e+01 -2.835000e+01 5.635000e+00
      vertex 2.670000e+01 -3.000000e+01 5.635000e+00
    endloop
  endfacet
  facet normal 7.440169e-01 -6.220085e-01 -0.000000e+00
    outer loop
      vertex 2.835000e+01 -2.714212e+01 1.635000e+00
      vertex 2.714212e+01 -2.835000e+01 5.635000e+00
      vertex 2.714212e+01 -2.835000e+01 1.635000e+00
    endloop
  endfacet
  facet normal 6.220085e-01 -7.440169e-01 -0.000000e+00
    outer loop
      vertex 2.835000e+01 -2.714212e+01 1.635000e+00
      vertex 2.835000e+01 -2.714212e+01 5.635000e+00
      vertex 2.714212e+01 -2.835000e+01 5.635000e+00
    endloop
  endfacet
  facet normal 3.333333e-01 -9.106836e-01 -0.000000e+00
    outer loop
      vertex 3.000000e+01 -2.670000e+01 1.635000e+00
      vertex 2.835000e+01 -2.714212e+01 5.635000e+00
      vertex 2.835000e+01 -2.714212e+01 1.635000e+00
    endloop
  endfacet
  facet normal 1.666667e-01 -9.553418e-01 -0.000000e+00
    outer loop
      vertex 3.000000e+01 -2.670000e+01 1.635000e+00
      vertex 3.000000e+01 -2.670000e+01 5.635000e+00
      vertex 2.835000e+01 -2.714212e+01 5.635000e+00
    endloop
  endfacet
  facet normal -1.666667e-01 -9.553418e-01 -0.000000e+00
    outer loop
      vertex 3.165000e+01 -2.714212e+01 1.635000e+00
      vertex 3.000000e+01 -2.670000e+01 5.635000e+00
      vertex 3.000000e+01 -2.670000e+01 1.635000e+00
    endloop
  endfacet
  facet normal -3.333333e-01 -9.106836e-01 -0.000000e+00
    outer loop
      vertex 3.165000e+01 -2.714212e+01 1.635000e+00
      vertex 3.165000e+01 -2.714212e+01 5.635000e+00
      vertex 3.000000e+01 -2.670000e+01 5.635000e+00
    endloop
  endfacet
  facet normal -6.220085e-01 -7.440169e-01 -0.000000e+00
    outer loop
      vertex 3.285788e+01 -2.835000e+01 1.635000e+00
      vertex 3.165000e+01 -2.714212e+01 5.635000e+00
      vertex 3.165000e+01 -2.714212e+01 1.635000e+00
    endloop
  endfacet
  facet normal -7.440169e-01 -6.220085e-01 -0.000000e+00
    outer loop
      vertex 3.285788e+01 -2.835000e+01 1.635000e+00
      vertex 3.285788e+01 -2.835000e+01 5.635000e+00
      vertex 3.165000e+01 -2.714212e+01 5.635000e+00
    endloop
  endfacet
  facet normal -9.106836e-01 -3.333333e-01 -0.000000e+00
    outer loop
      vertex 3.330000e+01 -3.000000e+01 1.635000e+00
      vertex 3.285788e+01 -2.835000e+01 5.635000e+00
      vertex 3.285788e+01 -2.835000e+01 1.635000e+00
    endloop
  endfacet
  facet normal -9.553418e-01 -1.666667e-01 -0.000000e+00
    outer loop
      vertex 3.330000e+01 -3.000000e+01 1.635000e+00
      vertex 3.330000e+01 -3.000000e+01 5.635000e+00
      vertex 3.285788e+01 -2.835000e+01 5.635000e+00
    endloop
  endfacet
  facet normal -9.553418e-01 1.666667e-01 -0.000000e+00
    outer loop
      vertex 3.285788e+01 -3.165000e+01 1.635000e+00
      vertex 3.330000e+01 -3.000000e+01 5.635000e+00
      vertex 3.330000e+01 -3.000000e+01 1.635000e+00
    endloop
  endfacet
  facet normal -9.106836e-01 3.333333e-01 -0.000000e+00
    outer loop
      vertex 3.285788e+01 2.835000e+01 1.635000e+00
      vertex 3.285788e+01 2.835000e+01 5.635000e+00
      vertex 3.330000e+01 3.000000e+01 5.635000e+00
    endloop
  endfacet
  facet normal -7.440169e-01 6.220085e-01 -0.000000e+00
    outer loop
      vertex 3.165000e+01 2.714212e+01 1.635000e+00
      vertex 3.285788e+01 2.835000e+01 5.635000e+00
      vertex 3.285788e+01 2.835000e+01 1.635000e+00
    endloop
  endfacet
  facet normal -6.220085e-01 7.440169e-01 -0.000000e+00
    outer loop
      vertex 3.165000e+01 2.714212e+01 1.635000e+00
      vertex 3.165000e+01 2.714212e+01 5.635000e+00
      vertex 3.285788e+01 2.835000e+01 5.635000e+00
    endloop
  endfacet
  facet normal -3.333333e-01 9.106836e-01 -0.000000e+00
    outer loop
      vertex 3.000000e+01 2.670000e+01 1.635000e+00
      vertex 3.165000e+01 2.714212e+01 5.635000e+00
      vertex 3.165000e+01 2.714212e+01 1.635000e+00
    endloop
  endfacet
  facet normal -1.666667e-01 9.553418e-01 -0.000000e+00
    outer loop
      vertex 3.000000e+01 2.670000e+01 1.635000e+00
      vertex 3.000000e+01 2.670000e+01 5.635000e+00
      vertex 3.165000e+01 2.714212e+01 5.635000e+00
    endloop
  endfacet
  facet normal 1.666667e-01 9.553418e-01 -0.000000e+00
    outer loop
      vertex 2.835000e+01 2.714212e+01 1.635000e+00
      vertex 3.000000e+01 2.670000e+01 5.635000e+00
      vertex 3.000000e+01 2.670000e+01 1.635000e+00
    endloop
  endfacet
  facet normal 3.333333e-01 9.106836e-01 -0.000000e+00
    outer loop
      vertex 2.835000e+01 2.714212e+01 1.635000e+00
      vertex 2.835000e+01 2.714212e+01 5.635000e+00
      vertex 3.000000e+01 2.670000e+01 5.635000e+00
    endloop
  endfacet
  facet normal 6.220085e-01 7.440169e-01 -0.000000e+00
    outer loop
      vertex 2.714212e+01 2.835000e+01 1.635000e+00
      vertex 2.835000e+01 2.714212e+01 5.635000e+00
      vertex 2.835000e+01 2.714212e+01 1.635000e+00
    endloop
  endfacet
  facet normal 7.440169e-01 6.220085e-01 -0.000000e+00
    outer loop
      vertex 2.714212e+01 2.835000e+01 1.635000e+00
      vertex 2.714212e+01 2.835000e+01 5.635000e+00
      vertex 2.835000e+01 2.714212e+01 5.635000e+00
    endloop
  endfacet
  facet normal 9.106836e-01 3.333333e-01 -0.000000e+00
    outer loop
      vertex 2.670000e+01 3.000000e+01 1.635000e+00
      vertex 2.714212e+01 2.835000e+01 5.635000e+00
      vertex 2.714212e+01 2.835000e+01 1.635000e+00
    endloop
  endfacet
  facet normal 9.553418e-01 1.666667e-01 0.000000e+00
    outer loop
      vertex 2.670000e+01 3.000000e+01 1.635000e+00
      vertex 2.670000e+01 3.000000e+01 5.635000e+00
      vertex 2.714212e+01 2.835000e+01 5.635000e+00
    endloop
  endfacet
  facet normal 9.553418e-01 -1.666667e-01 0.000000e+00
    outer loop
      vertex 2.714212e+01 3.165000e+01 1.635000e+00
      vertex 2.670000e+01 3.000000e+01 5.635000e+00
      vertex 2.670000e+01 3.000000e+01 1.635000e+00
    endloop
  endfacet
  facet normal 9.106836e-01 -3.333333e-01 0.000000e+00
    outer loop
      vertex 2.714212e+01 3.165000e+01 1.635000e+00
      vertex 2.714212e+01 3.165000e+01 5.635000e+00
      vertex 2.670000e+01 3.000000e+01 5.635000e+00
    endloop
  endfacet
  facet normal 7.440169e-01 -6.220085e-01 -0.000000e+00
    outer loop
      vertex 2.835000e+01 3.285788e+01 1.635000e+00
      vertex 2.714212e+01 3.165000e+01 5.635000e+00
      vertex 2.714212e+01 3.165000e+01 1.635000e+00
    endloop
  endfacet
  facet normal 6.220085e-01 -7.440169e-01 -0.000000e+00
    outer loop
      vertex 2.835000e+01 3.285788e+01 1.635000e+00
      vertex 2.835000e+01 3.285788e+01 5.635000e+00
      vertex 2.714212e+01 3.165000e+01 5.635000e+00
    endloop
  endfacet
  facet normal 3.333333e-01 -9.106836e-01 -0.000000e+00
    outer loop
      vertex 3.000000e+01 3.330000e+01 1.635000e+00
      vertex 2.835000e+01 3.285788e+01 5.635000e+00
      vertex 2.835000e+01 3.285788e+01 1.635000e+00
    endloop
  endfacet
  facet normal 1.666667e-01 -9.553418e-01 -0.000000e+00
    outer loop
      vertex 3.000000e+01 3.330000e+01 1.635000e+00
      vertex 3.000000e+01 3.330000e+01 5.635000e+00
      vertex 2.835000e+01 3.285788e+01 5.635000e+00
    endloop
  endfacet
  facet normal -1.666667e-01 -9.553418e-01 -0.000000e+00
    outer loop
      vertex 3.165000e+01 3.285788e+01 1.635000e+00
      vertex 3.000000e+01 3.330000e+01 5.635000e+00
      vertex 3.000000e+01 3.330000e+01 1.635000e+00
    endloop
  endfacet
  facet normal -3.333333e-01 -9.106836e-01 -0.000000e+00
    outer loop
      vertex 3.165000e+01 3.285788e+01 1.635000e+00
      vertex 3.165000e+01 3.285788e+01 5.635000e+00
      vertex 3.000000e+01 3.330000e+01 5.635000e+00
    endloop
  endfacet
  facet normal -6.220085e-01 -7.440169e-01 -0.000000e+00
    outer loop
      vertex 3.285788e+01 3.165000e+01 1.635000e+00
      vertex 3.165000e+01 3.285788e+01 5.635000e+00
      vertex 3.165000e+01 3.285788e+01 1.635000e+00
    endloop
  endfacet
  facet normal -7.440169e-01 -6.220085e-01 -0.000000e+00
    outer loop
      vertex 3.285788e+01 3.165000e+01 1.635000e+00
      vertex 3.285788e+01 3.165000e+01 5.635000e+00
      vertex 3.165000e+01 3.285788e+01 5.635000e+00
    endloop
  endfacet
  facet normal -9.106836e-01 -3.333333e-01 -0.000000e+00
    outer loop
      vertex 3.330000e+01 3.000000e+01 1.635000e+00
      vertex 3.285788e+01 3.165000e+01 5.635000e+00
      vertex 3.285788e+01 3.165000e+01 1.635000e+00
    endloop
  endfacet
  facet normal -9.553418e-01 -1.666667e-01 -0.000000e+00
    outer loop
      vertex 3.330000e+01 3.000000e+01 1.635000e+00
      vertex 3.330000e+01 3.000000e+01 5.635000e+00
      vertex 3.285788e+01 3.165000e+01 5.635000e+00
    endloop
  endfacet
  facet normal -9.553418e-01 1.666667e-01 -0.000000e+00
    outer loop
      vertex 3.285788e+01 2.835000e+01 1.635000e+00
      vertex 3.330000e+01 3.000000e+01 5.635000e+00
      vertex 3.330000e+01 3.000000e+01 1.635000e+00
    endloop
  endfacet
  facet normal 9.106836e-01 -3.333333e-01 -0.000000e+00
    outer loop
      vertex -3.285788e+01 3.165000e+01 1.635000e+00
      vertex -3.285788e+01 3.165000e+01 5.635000e+00
      vertex -3.330000e+01 3.000000e+01 5.635000e+00
    endloop
  endfacet
  facet normal 7.440169e-01 -6.220085e-01 -0.000000e+00
    outer loop
      vertex -3.165000e+01 3.285788e+01 1.635000e+00
      vertex -3.285788e+01 3.165000e+01 5.635000e+00
      vertex -3.285788e+01 3.165000e+01 1.635000e+00
    endloop
  endfacet
  facet normal 6.220085e-01 -7.440169e-01 -0.000000e+00
    outer loop
      vertex -3.165000e+01 3.285788e+01 1.635000e+00
      vertex -3.165000e+01 3.285788e+01 5.635000e+00
      vertex -3.285788e+01 3.165000e+01 5.635000e+00
    endloop
  endfacet
  facet normal 3.333333e-01 -9.106836e-01 -0.000000e+00
    outer loop
      vertex -3.000000e+01 3.330000e+01 1.635000e+00
      vertex -3.165000e+01 3.285788e+01 5.635000e+00
      vertex -3.165000e+01 3.285788e+01 1.635000e+00
    endloop
  endfacet
  facet normal 1.666667e-01 -9.553418e-01 -0.000000e+00
    outer loop
      vertex -3.000000e+01 3.330000e+01 1.635000e+00
      vertex -3.000000e+01 3.330000e+01 5.635000e+00
      vertex -3.165000e+01 3.285788e+01 5.635000e+00
    endloop
  endfacet
  facet normal -1.666667e-01 -9.553418e-01 -0.000000e+00
    outer loop
      vertex -2.835000e+01 3.285788e+01 1.635000e+00
      vertex -3.000000e+01 3.330000e+01 5.635000e+00
      vertex -3.000000e+01 3.330000e+01 1.635000e+00
    endloop
  endfacet
  facet normal -3.333333e-01 -9.106836e-01 -0.000000e+00
    outer loop
      vertex -2.835000e+01 3.285788e+01 1.635000e+00
      vertex -2.835000e+01 3.285788e+01 5.635000e+00
      vertex -3.000000e+01 3.330000e+01 5.635000e+00
    endloop
  endfacet
  facet normal -6.220085e-01 -7.440169e-01 -0.000000e+00
    outer loop
      vertex -2.714212e+01 3.165000e+01 1.635000e+00
      vertex -2.835000e+01 3.285788e+01 5.635000e+00
      vertex -2.835000e+01 3.285788e+01 1.635000e+00
    endloop
  endfacet
  facet normal -7.440169e-01 -6.220085e-01 -0.000000e+00
    outer loop
      vertex -2.714212e+01 3.165000e+01 1.635000e+00
      vertex -2.714212e+01 3.165000e+01 5.635000e+00
      vertex -2.835000e+01 3.285788e+01 5.635000e+00
    endloop
  endfacet
  facet normal -9.106836e-01 -3.333333e-01 0.000000e+00
    outer loop
      vertex -2.670000e+01 3.000000e+01 1.635000e+00
      vertex -2.714212e+01 3.165000e+01 5.635000e+00
      vertex -2.714212e+01 3.165000e+01 1.635000e+00
    endloop
  endfacet
  facet normal -9.553418e-01 -1.666667e-01 0.000000e+00
    outer loop
      vertex -2.670000e+01 3.000000e+01 1.635000e+00
      vertex -2.670000e+01 3.000000e+01 5.635000e+00
      vertex -2.714212e+01 3.165000e+01 5.635000e+00
    endloop
  endfacet
  facet normal -9.553418e-01 1.666667e-01 0.000000e+00
    outer loop
      vertex -2.714212e+01 2.835000e+01 1.635000e+00
      vertex -2.670000e+01 3.000000e+01 5.635000e+00
      vertex -2.670000e+01 3.000000e+01 1.635000e+00
    endloop
  endfacet
  facet normal -9.106836e-01 3.333333e-01 -0.000000e+00
    outer loop
      vertex -2.714212e+01 2.835000e+01 1.635000e+00
      vertex -2.714212e+01 2.835000e+01 5.635000e+00
      vertex -2.670000e+01 3.000000e+01 5.635000e+00
    endloop
  endfacet
  facet normal -7.440169e-01 6.220085e-01 -0.000000e+00
    outer loop
      vertex -2.835000e+01 2.714212e+01 1.635000e+00
      vertex -2.714212e+01 2.835000e+01 5.635000e+00
      vertex -2.714212e+01 2.835000e+01 1.635000e+00
    endloop
  endfacet
  facet normal -6.220085e-01 7.440169e-01 -0.000000e+00
    outer loop
      vertex -2.835000e+01 2.714212e+01 1.635000e+00
      vertex -2.835000e+01 2.714212e+01 5.635000e+00
      vertex -2.714212e+01 2.835000e+01 5.635000e+00
    endloop
  endfacet
  facet normal -3.333333e-01 9.106836e-01 -0.000000e+00
    outer loop
      vertex -3.000000e+01 2.670000e+01 1.635000e+00
      vertex -2.835000e+01 2.714212e+01 5.635000e+00
      vertex -2.835000e+01 2.714212e+01 1.635000e+00
    endloop
  endfacet
  facet normal -1.666667e-01 9.553418e-01 -0.000000e+00
    outer loop
      vertex -3.000000e+01 2.670000e+01 1.635000e+00
      vertex -3.000000e+01 2.670000e+01 5.635000e+00
      vertex -2.835000e+01 2.714212e+01 5.635000e+00
    endloop
  endfacet
  facet normal 1.666667e-01 9.553418e-01 -0.000000e+00
    outer loop
      vertex -3.165000e+01 2.714212e+01 1.635000e+00
      vertex -3.000000e+01 2.670000e+01 5.635000e+00
      vertex -3.000000e+01 2.670000e+01 1.635000e+00
    endloop
  endfacet
  facet normal 3.333333e-01 9.106836e-01 -0.000000e+00
    outer loop
      vertex -3.165000e+01 2.714212e+01 1.635000e+00
      vertex -3.165000e+01 2.714212e+01 5.635000e+00
      vertex -3.000000e+01 2.670000e+01 5.635000e+00
    endloop
  endfacet
  facet normal 6.220085e-01 7.440169e-01 -0.000000e+00
    outer loop
      vertex -3.285788e+01 2.835000e+01 1.635000e+00
      vertex -3.165000e+01 2.714212e+01 5.635000e+00
      vertex -3.165000e+01 2.714212e+01 1.635000e+00
    endloop
  endfacet
  facet normal 7.440169e-01 6.220085e-01 -0.000000e+00
    outer loop
      vertex -3.285788e+01 2.835000e+01 1.635000e+00
      vertex -3.285788e+01 2.835000e+01 5.635000e+00
      vertex -3.165000e+01 2.714212e+01 5.635000e+00
    endloop
  endfacet
  facet normal 9.106836e-01 3.333333e-01 -0.000000e+00
    outer loop
      vertex -3.330000e+01 3.000000e+01 1.635000e+00
      vertex -3.285788e+01 2.835000e+01 5.635000e+00
      vertex -3.285788e+01 2.835000e+01 1.635000e+00
    endloop
  endfacet
  facet normal 9.553418e-01 1.666667e-01 -0.000000e+00
    outer loop
      vertex -3.330000e+01 3.000000e+01 1.635000e+00
      vertex -3.330000e+01 3.000000e+01 5.635000e+00
      vertex -3.285788e+01 2.835000e+01 5.635000e+00
    endloop
  endfacet
  facet normal 9.553418e-01 -1.666667e-01 -0.000000e+00
    outer loop
      vertex -3.285788e+01 3.165000e+01 1.635000e+00
      vertex -3.330000e+01 3.000000e+01 5.635000e+00
      vertex -3.330000e+01 3.000000e+01 1.635000e+00
    endloop
  endfacet
  facet normal 9.930317e-01 9.613821e-02 0.000000e+00
    outer loop
      vertex -9.895475e-01 2.548079e+01 1.635000e+00
      vertex -1.000000e+00 2.562500e+01 5.635000e+00
      vertex -9.895475e-01 2.548079e+01 5.635000e+00
    endloop
  endfacet
  facet normal 9.965158e-01 4.806910e-02 0.000000e+00
    outer loop
      vertex -1.000000e+00 2.562500e+01 1.635000e+00
      vertex -1.000000e+00 2.562500e+01 5.635000e+00
      vertex -9.895475e-01 2.548079e+01 1.635000e+00
    endloop
  endfacet
  facet normal 9.803097e-01 -1.128682e-01 0.000000e+00
    outer loop
      vertex -1.000000e+00 2.562500e+01 1.635000e+00
      vertex -9.409288e-01 2.596360e+01 5.635000e+00
      vertex -1.000000e+00 2.562500e+01 5.635000e+00
    endloop
  endfacet
  facet normal 9.606192e-01 -2.257363e-01 0.000000e+00
    outer loop
      vertex -9.409288e-01 2.596360e+01 1.635000e+00
      vertex -9.409288e-01 2.596360e+01 5.635000e+00
      vertex -1.000000e+00 2.562500e+01 1.635000e+00
    endloop
  endfacet
  facet normal 8.508688e-01 -4.729645e-01 -0.000000e+00
    outer loop
      vertex -6.707487e-01 2.636668e+01 1.635000e+00
      vertex -9.409288e-01 2.596360e+01 5.635000e+00
      vertex -9.409288e-01 2.596360e+01 1.635000e+00
    endloop
  endfacet
  facet normal 7.608088e-01 -6.073246e-01 -0.000000e+00
    outer loop
      vertex -6.707487e-01 2.636668e+01 5.635000e+00
      vertex -9.409288e-01 2.596360e+01 5.635000e+00
      vertex -6.707487e-01 2.636668e+01 1.635000e+00
    endloop
  endfacet
  facet normal 5.280414e-01 -8.178297e-01 -0.000000e+00
    outer loop
      vertex -2.426268e-01 2.659512e+01 1.635000e+00
      vertex -6.707487e-01 2.636668e+01 5.635000e+00
      vertex -6.707487e-01 2.636668e+01 1.635000e+00
    endloop
  endfacet
  facet normal 3.853341e-01 -8.939747e-01 -0.000000e+00
    outer loop
      vertex -2.426268e-01 2.659512e+01 5.635000e+00
      vertex -6.707487e-01 2.636668e+01 5.635000e+00
      vertex -2.426268e-01 2.659512e+01 1.635000e+00
    endloop
  endfacet
  facet normal 8.087558e-02 -9.701197e-01 -0.000000e+00
    outer loop
      vertex 2.426268e-01 2.659512e+01 1.635000e+00
      vertex -2.426268e-01 2.659512e+01 5.635000e+00
      vertex -2.426268e-01 2.659512e+01 1.635000e+00
    endloop
  endfacet
  facet normal -8.087558e-02 -9.701197e-01 -0.000000e+00
    outer loop
      vertex 2.426268e-01 2.659512e+01 5.635000e+00
      vertex -2.426268e-01 2.659512e+01 5.635000e+00
      vertex 2.426268e-01 2.659512e+01 1.635000e+00
    endloop
  endfacet
  facet normal -3.853341e-01 -8.939747e-01 -0.000000e+00
    outer loop
      vertex 6.707487e-01 2.636668e+01 1.635000e+00
      vertex 2.426268e-01 2.659512e+01 5.635000e+00
      vertex 2.426268e-01 2.659512e+01 1.635000e+00
    endloop
  endfacet
  facet normal -5.280414e-01 -8.178297e-01 -0.000000e+00
    outer loop
      vertex 6.707487e-01 2.636668e+01 5.635000e+00
      vertex 2.426268e-01 2.659512e+01 5.635000e+00
      vertex 6.707487e-01 2.636668e+01 1.635000e+00
    endloop
  endfacet
  facet normal -7.608088e-01 -6.073246e-01 -0.000000e+00
    outer loop
      vertex 9.409288e-01 2.596360e+01 1.635000e+00
      vertex 6.707487e-01 2.636668e+01 5.635000e+00
      vertex 6.707487e-01 2.636668e+01 1.635000e+00
    endloop
  endfacet
  facet normal -8.508688e-01 -4.729645e-01 -0.000000e+00
    outer loop
      vertex 9.409288e-01 2.596360e+01 5.635000e+00
      vertex 6.707487e-01 2.636668e+01 5.635000e+00
      vertex 9.409288e-01 2.596360e+01 1.635000e+00
    endloop
  endfacet
  facet normal -9.571350e-01 -1.776672e-01 -0.000000e+00
    outer loop
      vertex 9.895475e-01 2.548079e+01 1.635000e+00
      vertex 9.409288e-01 2.596360e+01 5.635000e+00
      vertex 9.409288e-01 2.596360e+01 1.635000e+00
    endloop
  endfacet
  facet normal -9.733413e-01 -1.672994e-02 -0.000000e+00
    outer loop
      vertex 9.895475e-01 2.548079e+01 5.635000e+00
      vertex 9.409288e-01 2.596360e+01 5.635000e+00
      vertex 9.895475e-01 2.548079e+01 1.635000e+00
    endloop
  endfacet
  facet normal 0.000000e+00 0.000000e+00 1.000000e+00
    outer loop
      vertex -2.426268e-01 2.659512e+01 5.635000e+00
      vertex 2.426268e-01 2.659512e+01 5.635000e+00
      vertex -4.000000e+01 4.000000e+01 5.635000e+00
    endloop
  endfacet
  facet normal 0.000000e+00 0.000000e+00 1.000000e+00
    outer loop
      vertex -6.707487e-01 2.636668e+01 5.635000e+00
      vertex -2.426268e-01 2.659512e+01 5.635000e+00
      vertex -6.543683e+00 2.464610e+01 5.635000e+00
    endloop
  endfacet
  facet normal 0.000000e+00 0.000000e+00 1.000000e+00
    outer loop
      vertex -6.543683e+00 2.464610e+01 5.635000e+00
      vertex -9.409288e-01 2.596360e+01 5.635000e+00
      vertex -6.707487e-01 2.636668e+01 5.635000e+00
    endloop
  endfacet
  facet normal 0.000000e+00 0.000000e+00 1.000000e+00
    outer loop
      vertex -6.543683e+00 2.464610e+01 5.635000e+00
      vertex -1.000000e+00 2.562500e+01 5.635000e+00
      vertex -9.409288e-01 2.596360e+01 5.635000e+00
    endloop
  endfacet
  facet normal 0.000000e+00 0.000000e+00 1.000000e+00
    outer loop
      vertex -9.895475e-01 2.548079e+01 5.635000e+00
      vertex -1.000000e+00 2.562500e+01 5.635000e+00
      vertex -6.543683e+00 2.464610e+01 5.635000e+00
    endloop
  endfacet
  facet normal 0.000000e+00 0.000000e+00 1.000000e+00
    outer loop
      vertex 2.464610e+01 -6.543683e+00 5.635000e+00
      vertex 2.562500e+01 -1.000000e+00 5.635000e+00
      vertex 2.548079e+01 -9.895475e-01 5.635000e+00
    endloop
  endfacet
  facet normal 0.000000e+00 0.000000e+00 1.000000e+00
    outer loop
      vertex 2.464610e+01 -6.543683e+00 5.635000e+00
      vertex 2.596360e+01 -9.409288e-01 5.635000e+00
      vertex 2.562500e+01 -1.000000e+00 5.635000e+00
    endloop
  endfacet
  facet normal 0.000000e+00 0.000000e+00 1.000000e+00
    outer loop
      vertex 2.636668e+01 -6.707487e-01 5.635000e+00
      vertex 2.596360e+01 -9.409288e-01 5.635000e+00
      vertex 2.464610e+01 -6.543683e+00 5.635000e+00
    endloop
  endfacet
  facet normal 0.000000e+00 0.000000e+00 1.000000e+00
    outer loop
      vertex 2.469381e+01 6.361286e+00 5.635000e+00
      vertex 2.636668e+01 6.707487e-01 5.635000e+00
      vertex 2.659512e+01 2.426268e-01 5.635000e+00
    endloop
  endfacet
  facet normal 0.000000e+00 0.000000e+00 1.000000e+00
    outer loop
      vertex 2.469381e+01 6.361286e+00 5.635000e+00
      vertex 2.596360e+01 9.409288e-01 5.635000e+00
      vertex 2.636668e+01 6.707487e-01 5.635000e+00
    endloop
  endfacet
  facet normal 0.000000e+00 0.000000e+00 1.000000e+00
    outer loop
      vertex 2.548079e+01 9.895475e-01 5.635000e+00
      vertex 2.596360e+01 9.409288e-01 5.635000e+00
      vertex 2.469381e+01 6.361286e+00 5.635000e+00
    endloop
  endfacet
  facet normal 0.000000e+00 0.000000e+00 1.000000e+00
    outer loop
      vertex 9.409288e-01 2.596360e+01 5.635000e+00
      vertex 6.361286e+00 2.469381e+01 5.635000e+00
      vertex 6.707487e-01 2.636668e+01 5.635000e+00
    endloop
  endfacet
  facet normal 0.000000e+00 0.000000e+00 1.000000e+00
    outer loop
      vertex 9.895475e-01 2.548079e+01 5.635000e+00
      vertex 6.361286e+00 2.469381e+01 5.635000e+00
      vertex 9.409288e-01 2.596360e+01 5.635000e+00
    endloop
  endfacet
  facet normal 0.000000e+00 0.000000e+00 1.000000e+00
    outer loop
      vertex -4.000000e+01 4.000000e+01 5.635000e+00
      vertex -4.000000e+01 -4.000000e+01 5.635000e+00
      vertex -3.285788e+01 2.835000e+01 5.635000e+00
    endloop
  endfacet
  facet normal 0.000000e+00 0.000000e+00 1.000000e+00
    outer loop
      vertex -3.165000e+01 -3.285788e+01 5.635000e+00
      vertex -3.285788e+01 -3.165000e+01 5.635000e+00
      vertex -4.000000e+01 -4.000000e+01 5.635000e+00
    endloop
  endfacet
  facet normal 0.000000e+00 0.000000e+00 1.000000e+00
    outer loop
      vertex -4.000000e+01 -4.000000e+01 5.635000e+00
      vertex -3.000000e+01 -3.330000e+01 5.635000e+00
      vertex -3.165000e+01 -3.285788e+01 5.635000e+00
    endloop
  endfacet
  facet normal 0.000000e+00 0.000000e+00 1.000000e+00
    outer loop
      vertex -4.000000e+01 -4.000000e+01 5.635000e+00
      vertex -2.835000e+01 -3.285788e+01 5.635000e+00
      vertex -3.000000e+01 -3.330000e+01 5.635000e+00
    endloop
  endfacet
  facet normal 0.000000e+00 0.000000e+00 1.000000e+00
    outer loop
      vertex 4.000000e+01 -4.000000e+01 5.635000e+00
      vertex -2.835000e+01 -3.285788e+01 5.635000e+00
      vertex -4.000000e+01 -4.000000e+01 5.635000e+00
    endloop
  endfacet
  facet normal 0.000000e+00 0.000000e+00 1.000000e+00
    outer loop
      vertex -5.903795e+00 -2.480716e+01 5.635000e+00
      vertex -2.714212e+01 -3.165000e+01 5.635000e+00
      vertex -2.835000e+01 -3.285788e+01 5.635000e+00
    endloop
  endfacet
  facet normal 0.000000e+00 0.000000e+00 1.000000e+00
    outer loop
      vertex -1.119126e+01 -2.291300e+01 5.635000e+00
      vertex -2.714212e+01 -3.165000e+01 5.635000e+00
      vertex -5.903795e+00 -2.480716e+01 5.635000e+00
    endloop
  endfacet
  facet normal 0.000000e+00 0.000000e+00 1.000000e+00
    outer loop
      vertex -1.119126e+01 -2.291300e+01 5.635000e+00
      vertex -2.670000e+01 -3.000000e+01 5.635000e+00
      vertex -2.714212e+01 -3.165000e+01 5.635000e+00
    endloop
  endfacet
  facet normal 0.000000e+00 0.000000e+00 1.000000e+00
    outer loop
      vertex -1.593581e+01 -1.990728e+01 5.635000e+00
      vertex -2.670000e+01 -3.000000e+01 5.635000e+00
      vertex -1.119126e+01 -2.291300e+01 5.635000e+00
    endloop
  endfacet
  facet normal 0.000000e+00 0.000000e+00 1.000000e+00
    outer loop
      vertex -1.593581e+01 -1.990728e+01 5.635000e+00
      vertex -2.714212e+01 -2.835000e+01 5.635000e+00
      vertex -2.670000e+01 -3.000000e+01 5.635000e+00
    endloop
  endfacet
  facet normal 0.000000e+00 0.000000e+00 1.000000e+00
    outer loop
      vertex -2.835000e+01 -2.714212e+01 5.635000e+00
      vertex -2.714212e+01 -2.835000e+01 5.635000e+00
      vertex -1.593581e+01 -1.990728e+01 5.635000e+00
    endloop
  endfacet
  facet normal 0.000000e+00 0.000000e+00 1.000000e+00
    outer loop
      vertex -1.990728e+01 -1.593581e+01 5.635000e+00
      vertex -2.835000e+01 -2.714212e+01 5.635000e+00
      vertex -1.593581e+01 -1.990728e+01 5.635000e+00
    endloop
  endfacet
  facet normal 0.000000e+00 0.000000e+00 1.000000e+00
    outer loop
      vertex -3.000000e+01 -2.670000e+01 5.635000e+00
      vertex -2.835000e+01 -2.714212e+01 5.635000e+00
      vertex -1.990728e+01 -1.593581e+01 5.635000e+00
    endloop
  endfacet
  facet normal 0.000000e+00 0.000000e+00 1.000000e+00
    outer loop
      vertex -2.291300e+01 -1.119126e+01 5.635000e+00
      vertex -3.000000e+01 -2.670000e+01 5.635000e+00
      vertex -1.990728e+01 -1.593581e+01 5.635000e+00
    endloop
  endfacet
  facet normal 0.000000e+00 0.000000e+00 1.000000e+00
    outer loop
      vertex -3.165000e+01 -2.714212e+01 5.635000e+00
      vertex -3.000000e+01 -2.670000e+01 5.635000e+00
      vertex -2.291300e+01 -1.119126e+01 5.635000e+00
    endloop
  endfacet
  facet normal 0.000000e+00 0.000000e+00 1.000000e+00
    outer loop
      vertex -2.480716e+01 -5.903795e+00 5.635000e+00
      vertex -3.165000e+01 -2.714212e+01 5.635000e+00
      vertex -2.291300e+01 -1.119126e+01 5.635000e+00
    endloop
  endfacet
  facet normal 0.000000e+00 0.000000e+00 1.000000e+00
    outer loop
      vertex -3.285788e+01 -2.835000e+01 5.635000e+00
      vertex -3.165000e+01 -2.714212e+01 5.635000e+00
      vertex -2.480716e+01 -5.903795e+00 5.635000e+00
    endloop
  endfacet
  facet normal 0.000000e+00 0.000000e+00 1.000000e+00
    outer loop
      vertex -4.000000e+01 -4.000000e+01 5.635000e+00
      vertex -3.285788e+01 -2.835000e+01 5.635000e+00
      vertex -3.285788e+01 2.835000e+01 5.635000e+00
    endloop
  endfacet
  facet normal 0.000000e+00 0.000000e+00 1.000000e+00
    outer loop
      vertex -4.000000e+01 -4.000000e+01 5.635000e+00
      vertex -3.330000e+01 -3.000000e+01 5.635000e+00
      vertex -3.285788e+01 -2.835000e+01 5.635000e+00
    endloop
  endfacet
  facet normal 0.000000e+00 0.000000e+00 1.000000e+00
    outer loop
      vertex -3.285788e+01 -3.165000e+01 5.635000e+00
      vertex -3.330000e+01 -3.000000e+01 5.635000e+00
      vertex -4.000000e+01 -4.000000e+01 5.635000e+00
    endloop
  endfacet
  facet normal 0.000000e+00 0.000000e+00 1.000000e+00
    outer loop
      vertex 2.659512e+01 2.426268e-01 5.635000e+00
      vertex 4.000000e+01 -4.000000e+01 5.635000e+00
      vertex 4.000000e+01 4.000000e+01 5.635000e+00
    endloop
  endfacet
  facet normal 0.000000e+00 0.000000e+00 1.000000e+00
    outer loop
      vertex 2.659512e+01 -2.426268e-01 5.635000e+00
      vertex 4.000000e+01 -4.000000e+01 5.635000e+00
      vertex 2.659512e+01 2.426268e-01 5.635000e+00
    endloop
  endfacet
  facet normal 0.000000e+00 0.000000e+00 1.000000e+00
    outer loop
      vertex 2.659512e+01 -2.426268e-01 5.635000e+00
      vertex 3.285788e+01 -2.835000e+01 5.635000e+00
      vertex 4.000000e+01 -4.000000e+01 5.635000e+00
    endloop
  endfacet
  facet normal 0.000000e+00 0.000000e+00 1.000000e+00
    outer loop
      vertex 3.165000e+01 -2.714212e+01 5.635000e+00
      vertex 3.285788e+01 -2.835000e+01 5.635000e+00
      vertex 2.659512e+01 -2.426268e-01 5.635000e+00
    endloop
  endfacet
  facet normal 0.000000e+00 0.000000e+00 1.000000e+00
    outer loop
      vertex 2.464610e+01 -6.543683e+00 5.635000e+00
      vertex 2.659512e+01 -2.426268e-01 5.635000e+00
      vertex 2.636668e+01 -6.707487e-01 5.635000e+00
    endloop
  endfacet
  facet normal 0.000000e+00 0.000000e+00 1.000000e+00
    outer loop
      vertex 2.464610e+01 -6.543683e+00 5.635000e+00
      vertex 3.165000e+01 -2.714212e+01 5.635000e+00
      vertex 2.659512e+01 -2.426268e-01 5.635000e+00
    endloop
  endfacet
  facet normal 0.000000e+00 0.000000e+00 1.000000e+00
    outer loop
      vertex 2.261577e+01 -1.178037e+01 5.635000e+00
      vertex 3.165000e+01 -2.714212e+01 5.635000e+00
      vertex 2.464610e+01 -6.543683e+00 5.635000e+00
    endloop
  endfacet
  facet normal 0.000000e+00 0.000000e+00 1.000000e+00
    outer loop
      vertex 2.261577e+01 -1.178037e+01 5.635000e+00
      vertex 3.000000e+01 -2.670000e+01 5.635000e+00
      vertex 3.165000e+01 -2.714212e+01 5.635000e+00
    endloop
  endfacet
  facet normal 0.000000e+00 0.000000e+00 1.000000e+00
    outer loop
      vertex 1.948829e+01 -1.644556e+01 5.635000e+00
      vertex 3.000000e+01 -2.670000e+01 5.635000e+00
      vertex 2.261577e+01 -1.178037e+01 5.635000e+00
    endloop
  endfacet
  facet normal 0.000000e+00 0.000000e+00 1.000000e+00
    outer loop
      vertex 1.948829e+01 -1.644556e+01 5.635000e+00
      vertex 2.835000e+01 -2.714212e+01 5.635000e+00
      vertex 3.000000e+01 -2.670000e+01 5.635000e+00
    endloop
  endfacet
  facet normal 0.000000e+00 0.000000e+00 1.000000e+00
    outer loop
      vertex 1.948829e+01 -1.644556e+01 5.635000e+00
      vertex 2.714212e+01 -2.835000e+01 5.635000e+00
      vertex 2.835000e+01 -2.714212e+01 5.635000e+00
    endloop
  endfacet
  facet normal 0.000000e+00 0.000000e+00 1.000000e+00
    outer loop
      vertex 1.541539e+01 -2.031294e+01 5.635000e+00
      vertex 2.714212e+01 -2.835000e+01 5.635000e+00
      vertex 1.948829e+01 -1.644556e+01 5.635000e+00
    endloop
  endfacet
  facet normal 0.000000e+00 0.000000e+00 1.000000e+00
    outer loop
      vertex 1.541539e+01 -2.031294e+01 5.635000e+00
      vertex 2.670000e+01 -3.000000e+01 5.635000e+00
      vertex 2.714212e+01 -2.835000e+01 5.635000e+00
    endloop
  endfacet
  facet normal 0.000000e+00 0.000000e+00 1.000000e+00
    outer loop
      vertex 1.059466e+01 -2.319489e+01 5.635000e+00
      vertex 2.670000e+01 -3.000000e+01 5.635000e+00
      vertex 1.541539e+01 -2.031294e+01 5.635000e+00
    endloop
  endfacet
  facet normal 0.000000e+00 0.000000e+00 1.000000e+00
    outer loop
      vertex 1.059466e+01 -2.319489e+01 5.635000e+00
      vertex 2.714212e+01 -3.165000e+01 5.635000e+00
      vertex 2.670000e+01 -3.000000e+01 5.635000e+00
    endloop
  endfacet
  facet normal 0.000000e+00 0.000000e+00 1.000000e+00
    outer loop
      vertex 5.259955e+00 -2.495161e+01 5.635000e+00
      vertex 2.714212e+01 -3.165000e+01 5.635000e+00
      vertex 1.059466e+01 -2.319489e+01 5.635000e+00
    endloop
  endfacet
  facet normal 0.000000e+00 0.000000e+00 1.000000e+00
    outer loop
      vertex 5.259955e+00 -2.495161e+01 5.635000e+00
      vertex 2.835000e+01 -3.285788e+01 5.635000e+00
      vertex 2.714212e+01 -3.165000e+01 5.635000e+00
    endloop
  endfacet
  facet normal 0.000000e+00 0.000000e+00 1.000000e+00
    outer loop
      vertex -3.299228e-01 -2.549787e+01 5.635000e+00
      vertex 2.835000e+01 -3.285788e+01 5.635000e+00
      vertex 5.259955e+00 -2.495161e+01 5.635000e+00
    endloop
  endfacet
  facet normal 0.000000e+00 0.000000e+00 1.000000e+00
    outer loop
      vertex -2.835000e+01 -3.285788e+01 5.635000e+00
      vertex -3.299228e-01 -2.549787e+01 5.635000e+00
      vertex -5.903795e+00 -2.480716e+01 5.635000e+00
    endloop
  endfacet
  facet normal 0.000000e+00 0.000000e+00 1.000000e+00
    outer loop
      vertex -2.835000e+01 -3.285788e+01 5.635000e+00
      vertex 2.835000e+01 -3.285788e+01 5.635000e+00
      vertex -3.299228e-01 -2.549787e+01 5.635000e+00
    endloop
  endfacet
  facet normal 0.000000e+00 0.000000e+00 1.000000e+00
    outer loop
      vertex 4.000000e+01 -4.000000e+01 5.635000e+00
      vertex 2.835000e+01 -3.285788e+01 5.635000e+00
      vertex -2.835000e+01 -3.285788e+01 5.635000e+00
    endloop
  endfacet
  facet normal 0.000000e+00 0.000000e+00 1.000000e+00
    outer loop
      vertex 4.000000e+01 -4.000000e+01 5.635000e+00
      vertex 3.000000e+01 -3.330000e+01 5.635000e+00
      vertex 2.835000e+01 -3.285788e+01 5.635000e+00
    endloop
  endfacet
  facet normal 0.000000e+00 0.000000e+00 1.000000e+00
    outer loop
      vertex 3.165000e+01 -3.285788e+01 5.635000e+00
      vertex 3.000000e+01 -3.330000e+01 5.635000e+00
      vertex 4.000000e+01 -4.000000e+01 5.635000e+00
    endloop
  endfacet
  facet normal 0.000000e+00 0.000000e+00 1.000000e+00
    outer loop
      vertex 4.000000e+01 -4.000000e+01 5.635000e+00
      vertex 3.285788e+01 -3.165000e+01 5.635000e+00
      vertex 3.165000e+01 -3.285788e+01 5.635000e+00
    endloop
  endfacet
  facet normal 0.000000e+00 0.000000e+00 1.000000e+00
    outer loop
      vertex 4.000000e+01 -4.000000e+01 5.635000e+00
      vertex 3.330000e+01 -3.000000e+01 5.635000e+00
      vertex 3.285788e+01 -3.165000e+01 5.635000e+00
    endloop
  endfacet
  facet normal 0.000000e+00 0.000000e+00 1.000000e+00
    outer loop
      vertex 3.285788e+01 -2.835000e+01 5.635000e+00
      vertex 3.330000e+01 -3.000000e+01 5.635000e+00
      vertex 4.000000e+01 -4.000000e+01 5.635000e+00
    endloop
  endfacet
  facet normal 0.000000e+00 0.000000e+00 1.000000e+00
    outer loop
      vertex 4.000000e+01 4.000000e+01 5.635000e+00
      vertex 3.165000e+01 3.285788e+01 5.635000e+00
      vertex 3.285788e+01 3.165000e+01 5.635000e+00
    endloop
  endfacet
  facet normal 0.000000e+00 0.000000e+00 1.000000e+00
    outer loop
      vertex 4.000000e+01 4.000000e+01 5.635000e+00
      vertex 3.000000e+01 3.330000e+01 5.635000e+00
      vertex 3.165000e+01 3.285788e+01 5.635000e+00
    endloop
  endfacet
  facet normal 0.000000e+00 0.000000e+00 1.000000e+00
    outer loop
      vertex 2.835000e+01 3.285788e+01 5.635000e+00
      vertex 3.000000e+01 3.330000e+01 5.635000e+00
      vertex 4.000000e+01 4.000000e+01 5.635000e+00
    endloop
  endfacet
  facet normal 0.000000e+00 0.000000e+00 1.000000e+00
    outer loop
      vertex 2.426268e-01 2.659512e+01 5.635000e+00
      vertex 4.000000e+01 4.000000e+01 5.635000e+00
      vertex -4.000000e+01 4.000000e+01 5.635000e+00
    endloop
  endfacet
  facet normal 0.000000e+00 0.000000e+00 1.000000e+00
    outer loop
      vertex 2.426268e-01 2.659512e+01 5.635000e+00
      vertex 2.835000e+01 3.285788e+01 5.635000e+00
      vertex 4.000000e+01 4.000000e+01 5.635000e+00
    endloop
  endfacet
  facet normal 0.000000e+00 0.000000e+00 1.000000e+00
    outer loop
      vertex 2.714212e+01 3.165000e+01 5.635000e+00
      vertex 2.835000e+01 3.285788e+01 5.635000e+00
      vertex 2.426268e-01 2.659512e+01 5.635000e+00
    endloop
  endfacet
  facet normal 0.000000e+00 0.000000e+00 1.000000e+00
    outer loop
      vertex 6.361286e+00 2.469381e+01 5.635000e+00
      vertex 2.426268e-01 2.659512e+01 5.635000e+00
      vertex 6.707487e-01 2.636668e+01 5.635000e+00
    endloop
  endfacet
  facet normal 0.000000e+00 0.000000e+00 1.000000e+00
    outer loop
      vertex 6.361286e+00 2.469381e+01 5.635000e+00
      vertex 2.714212e+01 3.165000e+01 5.635000e+00
      vertex 2.426268e-01 2.659512e+01 5.635000e+00
    endloop
  endfacet
  facet normal 0.000000e+00 0.000000e+00 1.000000e+00
    outer loop
      vertex 1.144468e+01 2.278748e+01 5.635000e+00
      vertex 2.714212e+01 3.165000e+01 5.635000e+00
      vertex 6.361286e+00 2.469381e+01 5.635000e+00
    endloop
  endfacet
  facet normal 0.000000e+00 0.000000e+00 1.000000e+00
    outer loop
      vertex 1.144468e+01 2.278748e+01 5.635000e+00
      vertex 2.670000e+01 3.000000e+01 5.635000e+00
      vertex 2.714212e+01 3.165000e+01 5.635000e+00
    endloop
  endfacet
  facet normal 0.000000e+00 0.000000e+00 1.000000e+00
    outer loop
      vertex 1.600930e+01 1.984824e+01 5.635000e+00
      vertex 2.670000e+01 3.000000e+01 5.635000e+00
      vertex 1.144468e+01 2.278748e+01 5.635000e+00
    endloop
  endfacet
  facet normal 0.000000e+00 0.000000e+00 1.000000e+00
    outer loop
      vertex 1.600930e+01 1.984824e+01 5.635000e+00
      vertex 2.714212e+01 2.835000e+01 5.635000e+00
      vertex 2.670000e+01 3.000000e+01 5.635000e+00
    endloop
  endfacet
  facet normal 0.000000e+00 0.000000e+00 1.000000e+00
    outer loop
      vertex 2.835000e+01 2.714212e+01 5.635000e+00
      vertex 2.714212e+01 2.835000e+01 5.635000e+00
      vertex 1.600930e+01 1.984824e+01 5.635000e+00
    endloop
  endfacet
  facet normal 0.000000e+00 0.000000e+00 1.000000e+00
    outer loop
      vertex 1.984824e+01 1.600930e+01 5.635000e+00
      vertex 2.835000e+01 2.714212e+01 5.635000e+00
      vertex 1.600930e+01 1.984824e+01 5.635000e+00
    endloop
  endfacet
  facet normal 0.000000e+00 0.000000e+00 1.000000e+00
    outer loop
      vertex 3.000000e+01 2.670000e+01 5.635000e+00
      vertex 2.835000e+01 2.714212e+01 5.635000e+00
      vertex 1.984824e+01 1.600930e+01 5.635000e+00
    endloop
  endfacet
  facet normal 0.000000e+00 0.000000e+00 1.000000e+00
    outer loop
      vertex 2.278748e+01 1.144468e+01 5.635000e+00
      vertex 3.000000e+01 2.670000e+01 5.635000e+00
      vertex 1.984824e+01 1.600930e+01 5.635000e+00
    endloop
  endfacet
  facet normal 0.000000e+00 0.000000e+00 1.000000e+00
    outer loop
      vertex 3.165000e+01 2.714212e+01 5.635000e+00
      vertex 3.000000e+01 2.670000e+01 5.635000e+00
      vertex 2.278748e+01 1.144468e+01 5.635000e+00
    endloop
  endfacet
  facet normal 0.000000e+00 0.000000e+00 1.000000e+00
    outer loop
      vertex 2.469381e+01 6.361286e+00 5.635000e+00
      vertex 3.165000e+01 2.714212e+01 5.635000e+00
      vertex 2.278748e+01 1.144468e+01 5.635000e+00
    endloop
  endfacet
  facet normal 0.000000e+00 0.000000e+00 1.000000e+00
    outer loop
      vertex 2.659512e+01 2.426268e-01 5.635000e+00
      vertex 3.165000e+01 2.714212e+01 5.635000e+00
      vertex 2.469381e+01 6.361286e+00 5.635000e+00
    endloop
  endfacet
  facet normal 0.000000e+00 0.000000e+00 1.000000e+00
    outer loop
      vertex 2.659512e+01 2.426268e-01 5.635000e+00
      vertex 3.285788e+01 2.835000e+01 5.635000e+00
      vertex 3.165000e+01 2.714212e+01 5.635000e+00
    endloop
  endfacet
  facet normal 0.000000e+00 0.000000e+00 1.000000e+00
    outer loop
      vertex 4.000000e+01 4.000000e+01 5.635000e+00
      vertex 3.285788e+01 2.835000e+01 5.635000e+00
      vertex 2.659512e+01 2.426268e-01 5.635000e+00
    endloop
  endfacet
  facet normal 0.000000e+00 0.000000e+00 1.000000e+00
    outer loop
      vertex 4.000000e+01 4.000000e+01 5.635000e+00
      vertex 3.330000e+01 3.000000e+01 5.635000e+00
      vertex 3.285788e+01 2.835000e+01 5.635000e+00
    endloop
  endfacet
  facet normal 0.000000e+00 0.000000e+00 1.000000e+00
    outer loop
      vertex 3.285788e+01 3.165000e+01 5.635000e+00
      vertex 3.330000e+01 3.000000e+01 5.635000e+00
      vertex 4.000000e+01 4.000000e+01 5.635000e+00
    endloop
  endfacet
  facet normal 0.000000e+00 0.000000e+00 1.000000e+00
    outer loop
      vertex -2.549787e+01 -3.299228e-01 5.635000e+00
      vertex -3.285788e+01 -2.835000e+01 5.635000e+00
      vertex -2.480716e+01 -5.903795e+00 5.635000e+00
    endloop
  endfacet
  facet normal 0.000000e+00 0.000000e+00 1.000000e+00
    outer loop
      vertex -2.550000e+01 -3.122849e-15 5.635000e+00
      vertex -3.285788e+01 -2.835000e+01 5.635000e+00
      vertex -2.549787e+01 -3.299228e-01 5.635000e+00
    endloop
  endfacet
  facet normal 0.000000e+00 0.000000e+00 1.000000e+00
    outer loop
      vertex -2.550000e+01 -3.122849e-15 5.635000e+00
      vertex -3.285788e+01 2.835000e+01 5.635000e+00
      vertex -3.285788e+01 -2.835000e+01 5.635000e+00
    endloop
  endfacet
  facet normal 0.000000e+00 0.000000e+00 1.000000e+00
    outer loop
      vertex -2.495161e+01 5.259955e+00 5.635000e+00
      vertex -3.285788e+01 2.835000e+01 5.635000e+00
      vertex -2.550000e+01 -3.122849e-15 5.635000e+00
    endloop
  endfacet
  facet normal 0.000000e+00 0.000000e+00 1.000000e+00
    outer loop
      vertex -2.495161e+01 5.259955e+00 5.635000e+00
      vertex -3.165000e+01 2.714212e+01 5.635000e+00
      vertex -3.285788e+01 2.835000e+01 5.635000e+00
    endloop
  endfacet
  facet normal 0.000000e+00 0.000000e+00 1.000000e+00
    outer loop
      vertex -2.319489e+01 1.059466e+01 5.635000e+00
      vertex -3.165000e+01 2.714212e+01 5.635000e+00
      vertex -2.495161e+01 5.259955e+00 5.635000e+00
    endloop
  endfacet
  facet normal 0.000000e+00 0.000000e+00 1.000000e+00
    outer loop
      vertex -2.319489e+01 1.059466e+01 5.635000e+00
      vertex -3.000000e+01 2.670000e+01 5.635000e+00
      vertex -3.165000e+01 2.714212e+01 5.635000e+00
    endloop
  endfacet
  facet normal 0.000000e+00 0.000000e+00 1.000000e+00
    outer loop
      vertex -2.031294e+01 1.541539e+01 5.635000e+00
      vertex -3.000000e+01 2.670000e+01 5.635000e+00
      vertex -2.319489e+01 1.059466e+01 5.635000e+00
    endloop
  endfacet
  facet normal 0.000000e+00 0.000000e+00 1.000000e+00
    outer loop
      vertex -2.031294e+01 1.541539e+01 5.635000e+00
      vertex -2.835000e+01 2.714212e+01 5.635000e+00
      vertex -3.000000e+01 2.670000e+01 5.635000e+00
    endloop
  endfacet
  facet normal 0.000000e+00 0.000000e+00 1.000000e+00
    outer loop
      vertex -1.644556e+01 1.948829e+01 5.635000e+00
      vertex -2.835000e+01 2.714212e+01 5.635000e+00
      vertex -2.031294e+01 1.541539e+01 5.635000e+00
    endloop
  endfacet
  facet normal 0.000000e+00 0.000000e+00 1.000000e+00
    outer loop
      vertex -1.644556e+01 1.948829e+01 5.635000e+00
      vertex -2.714212e+01 2.835000e+01 5.635000e+00
      vertex -2.835000e+01 2.714212e+01 5.635000e+00
    endloop
  endfacet
  facet normal 0.000000e+00 0.000000e+00 1.000000e+00
    outer loop
      vertex -2.670000e+01 3.000000e+01 5.635000e+00
      vertex -2.714212e+01 2.835000e+01 5.635000e+00
      vertex -1.644556e+01 1.948829e+01 5.635000e+00
    endloop
  endfacet
  facet normal 0.000000e+00 0.000000e+00 1.000000e+00
    outer loop
      vertex -1.178037e+01 2.261577e+01 5.635000e+00
      vertex -2.670000e+01 3.000000e+01 5.635000e+00
      vertex -1.644556e+01 1.948829e+01 5.635000e+00
    endloop
  endfacet
  facet normal 0.000000e+00 0.000000e+00 1.000000e+00
    outer loop
      vertex -2.714212e+01 3.165000e+01 5.635000e+00
      vertex -2.670000e+01 3.000000e+01 5.635000e+00
      vertex -1.178037e+01 2.261577e+01 5.635000e+00
    endloop
  endfacet
  facet normal 0.000000e+00 0.000000e+00 1.000000e+00
    outer loop
      vertex -6.543683e+00 2.464610e+01 5.635000e+00
      vertex -2.714212e+01 3.165000e+01 5.635000e+00
      vertex -1.178037e+01 2.261577e+01 5.635000e+00
    endloop
  endfacet
  facet normal 0.000000e+00 0.000000e+00 1.000000e+00
    outer loop
      vertex -2.426268e-01 2.659512e+01 5.635000e+00
      vertex -2.714212e+01 3.165000e+01 5.635000e+00
      vertex -6.543683e+00 2.464610e+01 5.635000e+00
    endloop
  endfacet
  facet normal 0.000000e+00 0.000000e+00 1.000000e+00
    outer loop
      vertex -2.426268e-01 2.659512e+01 5.635000e+00
      vertex -2.835000e+01 3.285788e+01 5.635000e+00
      vertex -2.714212e+01 3.165000e+01 5.635000e+00
    endloop
  endfacet
  facet normal 0.000000e+00 0.000000e+00 1.000000e+00
    outer loop
      vertex -4.000000e+01 4.000000e+01 5.635000e+00
      vertex -2.835000e+01 3.285788e+01 5.635000e+00
      vertex -2.426268e-01 2.659512e+01 5.635000e+00
    endloop
  endfacet
  facet normal 0.000000e+00 0.000000e+00 1.000000e+00
    outer loop
      vertex -4.000000e+01 4.000000e+01 5.635000e+00
      vertex -3.000000e+01 3.330000e+01 5.635000e+00
      vertex -2.835000e+01 3.285788e+01 5.635000e+00
    endloop
  endfacet
  facet normal 0.000000e+00 0.000000e+00 1.000000e+00
    outer loop
      vertex -3.165000e+01 3.285788e+01 5.635000e+00
      vertex -3.000000e+01 3.330000e+01 5.635000e+00
      vertex -4.000000e+01 4.000000e+01 5.635000e+00
    endloop
  endfacet
  facet normal 0.000000e+00 0.000000e+00 1.000000e+00
    outer loop
      vertex -4.000000e+01 4.000000e+01 5.635000e+00
      vertex -3.285788e+01 3.165000e+01 5.635000e+00
      vertex -3.165000e+01 3.285788e+01 5.635000e+00
    endloop
  endfacet
  facet normal 0.000000e+00 0.000000e+00 1.000000e+00
    outer loop
      vertex -4.000000e+01 4.000000e+01 5.635000e+00
      vertex -3.330000e+01 3.000000e+01 5.635000e+00
      vertex -3.285788e+01 3.165000e+01 5.635000e+00
    endloop
  endfacet
  facet normal 0.000000e+00 0.000000e+00 1.000000e+00
    outer loop
      vertex -3.285788e+01 2.835000e+01 5.635000e+00
      vertex -3.330000e+01 3.000000e+01 5.635000e+00
      vertex -4.000000e+01 4.000000e+01 5.635000e+00
    endloop
  endfacet
  facet normal -0.000000e+00 -0.000000e+00 -1.000000e+00
    outer loop
      vertex 2.659512e+01 2.426268e-01 1.635000e+00
      vertex 3.285788e+01 2.835000e+01 1.635000e+00
      vertex 4.000000e+01 4.000000e+01 1.635000e+00
    endloop
  endfacet
  facet normal -0.000000e+00 -0.000000e+00 -1.000000e+00
    outer loop
      vertex -4.000000e+01 -4.000000e+01 1.635000e+00
      vertex -3.000000e+01 -3.330000e+01 1.635000e+00
      vertex -2.835000e+01 -3.285788e+01 1.635000e+00
    endloop
  endfacet
  facet normal -0.000000e+00 -0.000000e+00 -1.000000e+00
    outer loop
      vertex -4.000000e+01 -4.000000e+01 1.635000e+00
      vertex -3.165000e+01 -3.285788e+01 1.635000e+00
      vertex -3.000000e+01 -3.330000e+01 1.635000e+00
    endloop
  endfacet
  facet normal -0.000000e+00 -0.000000e+00 -1.000000e+00
    outer loop
      vertex -3.285788e+01 -3.165000e+01 1.635000e+00
      vertex -3.165000e+01 -3.285788e+01 1.635000e+00
      vertex -4.000000e+01 -4.000000e+01 1.635000e+00
    endloop
  endfacet
  facet normal -0.000000e+00 -0.000000e+00 -1.000000e+00
    outer loop
      vertex 4.000000e+01 -4.000000e+01 1.635000e+00
      vertex 3.165000e+01 -3.285788e+01 1.635000e+00
      vertex 3.285788e+01 -3.165000e+01 1.635000e+00
    endloop
  endfacet
  facet normal -0.000000e+00 -0.000000e+00 -1.000000e+00
    outer loop
      vertex 4.000000e+01 -4.000000e+01 1.635000e+00
      vertex 3.000000e+01 -3.330000e+01 1.635000e+00
      vertex 3.165000e+01 -3.285788e+01 1.635000e+00
    endloop
  endfacet
  facet normal -0.000000e+00 -0.000000e+00 -1.000000e+00
    outer loop
      vertex 2.835000e+01 -3.285788e+01 1.635000e+00
      vertex 3.000000e+01 -3.330000e+01 1.635000e+00
      vertex 4.000000e+01 -4.000000e+01 1.635000e+00
    endloop
  endfacet
  facet normal -0.000000e+00 -0.000000e+00 -1.000000e+00
    outer loop
      vertex 4.000000e+01 4.000000e+01 1.635000e+00
      vertex 3.000000e+01 3.330000e+01 1.635000e+00
      vertex 2.835000e+01 3.285788e+01 1.635000e+00
    endloop
  endfacet
  facet normal -0.000000e+00 -0.000000e+00 -1.000000e+00
    outer loop
      vertex 3.165000e+01 3.285788e+01 1.635000e+00
      vertex 3.000000e+01 3.330000e+01 1.635000e+00
      vertex 4.000000e+01 4.000000e+01 1.635000e+00
    endloop
  endfacet
  facet normal -0.000000e+00 -0.000000e+00 -1.000000e+00
    outer loop
      vertex 4.000000e+01 4.000000e+01 1.635000e+00
      vertex 3.285788e+01 3.165000e+01 1.635000e+00
      vertex 3.165000e+01 3.285788e+01 1.635000e+00
    endloop
  endfacet
  facet normal -0.000000e+00 -0.000000e+00 -1.000000e+00
    outer loop
      vertex 4.000000e+01 4.000000e+01 1.635000e+00
      vertex 3.330000e+01 3.000000e+01 1.635000e+00
      vertex 3.285788e+01 3.165000e+01 1.635000e+00
    endloop
  endfacet
  facet normal -0.000000e+00 -0.000000e+00 -1.000000e+00
    outer loop
      vertex 3.285788e+01 2.835000e+01 1.635000e+00
      vertex 3.330000e+01 3.000000e+01 1.635000e+00
      vertex 4.000000e+01 4.000000e+01 1.635000e+00
    endloop
  endfacet
  facet normal -0.000000e+00 -0.000000e+00 -1.000000e+00
    outer loop
      vertex -4.000000e+01 4.000000e+01 1.635000e+00
      vertex -3.165000e+01 3.285788e+01 1.635000e+00
      vertex -3.285788e+01 3.165000e+01 1.635000e+00
    endloop
  endfacet
  facet normal -0.000000e+00 -0.000000e+00 -1.000000e+00
    outer loop
      vertex -4.000000e+01 4.000000e+01 1.635000e+00
      vertex -3.000000e+01 3.330000e+01 1.635000e+00
      vertex -3.165000e+01 3.285788e+01 1.635000e+00
    endloop
  endfacet
  facet normal -0.000000e+00 -0.000000e+00 -1.000000e+00
    outer loop
      vertex -2.835000e+01 3.285788e+01 1.635000e+00
      vertex -3.000000e+01 3.330000e+01 1.635000e+00
      vertex -4.000000e+01 4.000000e+01 1.635000e+00
    endloop
  endfacet
  facet normal -0.000000e+00 -0.000000e+00 -1.000000e+00
    outer loop
      vertex -4.000000e+01 4.000000e+01 1.635000e+00
      vertex -3.285788e+01 2.835000e+01 1.635000e+00
      vertex -4.000000e+01 -4.000000e+01 1.635000e+00
    endloop
  endfacet
  facet normal -0.000000e+00 -0.000000e+00 -1.000000e+00
    outer loop
      vertex -4.000000e+01 4.000000e+01 1.635000e+00
      vertex -3.330000e+01 3.000000e+01 1.635000e+00
      vertex -3.285788e+01 2.835000e+01 1.635000e+00
    endloop
  endfacet
  facet normal -0.000000e+00 -0.000000e+00 -1.000000e+00
    outer loop
      vertex -3.285788e+01 3.165000e+01 1.635000e+00
      vertex -3.330000e+01 3.000000e+01 1.635000e+00
      vertex -4.000000e+01 4.000000e+01 1.635000e+00
    endloop
  endfacet
  facet normal -0.000000e+00 -0.000000e+00 -1.000000e+00
    outer loop
      vertex 1.993491e+01 2.258695e+01 1.635000e+00
      vertex 1.977855e+01 2.257217e+01 1.635000e+00
      vertex 1.877855e+01 2.257217e+01 1.635000e+00
    endloop
  endfacet
  facet normal -0.000000e+00 -0.000000e+00 -1.000000e+00
    outer loop
      vertex 2.670000e+01 3.000000e+01 1.635000e+00
      vertex 1.877855e+01 2.257217e+01 1.635000e+00
      vertex 2.714212e+01 3.165000e+01 1.635000e+00
    endloop
  endfacet
  facet normal -0.000000e+00 -0.000000e+00 -1.000000e+00
    outer loop
      vertex 2.670000e+01 3.000000e+01 1.635000e+00
      vertex 1.993491e+01 2.258695e+01 1.635000e+00
      vertex 1.877855e+01 2.257217e+01 1.635000e+00
    endloop
  endfacet
  facet normal -0.000000e+00 -0.000000e+00 -1.000000e+00
    outer loop
      vertex 2.009188e+01 2.259188e+01 1.635000e+00
      vertex 1.993491e+01 2.258695e+01 1.635000e+00
      vertex 2.670000e+01 3.000000e+01 1.635000e+00
    endloop
  endfacet
  facet normal -0.000000e+00 -0.000000e+00 -1.000000e+00
    outer loop
      vertex 2.670000e+01 3.000000e+01 1.635000e+00
      vertex 2.024886e+01 2.258695e+01 1.635000e+00
      vertex 2.009188e+01 2.259188e+01 1.635000e+00
    endloop
  endfacet
  facet normal -0.000000e+00 -0.000000e+00 -1.000000e+00
    outer loop
      vertex 2.670000e+01 3.000000e+01 1.635000e+00
      vertex 2.040522e+01 2.257217e+01 1.635000e+00
      vertex 2.024886e+01 2.258695e+01 1.635000e+00
    endloop
  endfacet
  facet normal -0.000000e+00 -0.000000e+00 -1.000000e+00
    outer loop
      vertex 2.056034e+01 2.254760e+01 1.635000e+00
      vertex 2.040522e+01 2.257217e+01 1.635000e+00
      vertex 2.670000e+01 3.000000e+01 1.635000e+00
    endloop
  endfacet
  facet normal -0.000000e+00 -0.000000e+00 -1.000000e+00
    outer loop
      vertex 2.714212e+01 2.835000e+01 1.635000e+00
      vertex 2.056034e+01 2.254760e+01 1.635000e+00
      vertex 2.670000e+01 3.000000e+01 1.635000e+00
    endloop
  endfacet
  facet normal -0.000000e+00 -0.000000e+00 -1.000000e+00
    outer loop
      vertex 2.071361e+01 2.251334e+01 1.635000e+00
      vertex 2.056034e+01 2.254760e+01 1.635000e+00
      vertex 2.714212e+01 2.835000e+01 1.635000e+00
    endloop
  endfacet
  facet normal -0.000000e+00 -0.000000e+00 -1.000000e+00
    outer loop
      vertex 2.714212e+01 2.835000e+01 1.635000e+00
      vertex 2.086443e+01 2.246952e+01 1.635000e+00
      vertex 2.071361e+01 2.251334e+01 1.635000e+00
    endloop
  endfacet
  facet normal -0.000000e+00 -0.000000e+00 -1.000000e+00
    outer loop
      vertex 2.714212e+01 2.835000e+01 1.635000e+00
      vertex 2.101219e+01 2.241632e+01 1.635000e+00
      vertex 2.086443e+01 2.246952e+01 1.635000e+00
    endloop
  endfacet
  facet normal -0.000000e+00 -0.000000e+00 -1.000000e+00
    outer loop
      vertex 2.115633e+01 2.235395e+01 1.635000e+00
      vertex 2.101219e+01 2.241632e+01 1.635000e+00
      vertex 2.714212e+01 2.835000e+01 1.635000e+00
    endloop
  endfacet
  facet normal -0.000000e+00 -0.000000e+00 -1.000000e+00
    outer loop
      vertex 2.714212e+01 2.835000e+01 1.635000e+00
      vertex 2.129627e+01 2.228265e+01 1.635000e+00
      vertex 2.115633e+01 2.235395e+01 1.635000e+00
    endloop
  endfacet
  facet normal -0.000000e+00 -0.000000e+00 -1.000000e+00
    outer loop
      vertex 2.714212e+01 2.835000e+01 1.635000e+00
      vertex 2.143145e+01 2.220270e+01 1.635000e+00
      vertex 2.129627e+01 2.228265e+01 1.635000e+00
    endloop
  endfacet
  facet normal -0.000000e+00 -0.000000e+00 -1.000000e+00
    outer loop
      vertex 2.156135e+01 2.211443e+01 1.635000e+00
      vertex 2.143145e+01 2.220270e+01 1.635000e+00
      vertex 2.714212e+01 2.835000e+01 1.635000e+00
    endloop
  endfacet
  facet normal -0.000000e+00 -0.000000e+00 -1.000000e+00
    outer loop
      vertex 2.714212e+01 2.835000e+01 1.635000e+00
      vertex 2.168544e+01 2.201817e+01 1.635000e+00
      vertex 2.156135e+01 2.211443e+01 1.635000e+00
    endloop
  endfacet
  facet normal -0.000000e+00 -0.000000e+00 -1.000000e+00
    outer loop
      vertex 2.714212e+01 2.835000e+01 1.635000e+00
      vertex 2.180325e+01 2.191430e+01 1.635000e+00
      vertex 2.168544e+01 2.201817e+01 1.635000e+00
    endloop
  endfacet
  facet normal -0.000000e+00 -0.000000e+00 -1.000000e+00
    outer loop
      vertex 2.835000e+01 2.714212e+01 1.635000e+00
      vertex 2.180325e+01 2.191430e+01 1.635000e+00
      vertex 2.714212e+01 2.835000e+01 1.635000e+00
    endloop
  endfacet
  facet normal -0.000000e+00 -0.000000e+00 -1.000000e+00
    outer loop
      vertex 2.835000e+01 2.714212e+01 1.635000e+00
      vertex 2.191430e+01 2.180325e+01 1.635000e+00
      vertex 2.180325e+01 2.191430e+01 1.635000e+00
    endloop
  endfacet
  facet normal -0.000000e+00 -0.000000e+00 -1.000000e+00
    outer loop
      vertex 2.201817e+01 2.168544e+01 1.635000e+00
      vertex 2.191430e+01 2.180325e+01 1.635000e+00
      vertex 2.835000e+01 2.714212e+01 1.635000e+00
    endloop
  endfacet
  facet normal -0.000000e+00 -0.000000e+00 -1.000000e+00
    outer loop
      vertex 2.835000e+01 2.714212e+01 1.635000e+00
      vertex 2.211443e+01 2.156135e+01 1.635000e+00
      vertex 2.201817e+01 2.168544e+01 1.635000e+00
    endloop
  endfacet
  facet normal -0.000000e+00 -0.000000e+00 -1.000000e+00
    outer loop
      vertex 2.835000e+01 2.714212e+01 1.635000e+00
      vertex 2.220270e+01 2.143145e+01 1.635000e+00
      vertex 2.211443e+01 2.156135e+01 1.635000e+00
    endloop
  endfacet
  facet normal -0.000000e+00 -0.000000e+00 -1.000000e+00
    outer loop
      vertex 2.228265e+01 2.129627e+01 1.635000e+00
      vertex 2.220270e+01 2.143145e+01 1.635000e+00
      vertex 2.835000e+01 2.714212e+01 1.635000e+00
    endloop
  endfacet
  facet normal -0.000000e+00 -0.000000e+00 -1.000000e+00
    outer loop
      vertex 2.835000e+01 2.714212e+01 1.635000e+00
      vertex 2.235395e+01 2.115633e+01 1.635000e+00
      vertex 2.228265e+01 2.129627e+01 1.635000e+00
    endloop
  endfacet
  facet normal -0.000000e+00 -0.000000e+00 -1.000000e+00
    outer loop
      vertex 2.835000e+01 2.714212e+01 1.635000e+00
      vertex 2.241632e+01 2.101219e+01 1.635000e+00
      vertex 2.235395e+01 2.115633e+01 1.635000e+00
    endloop
  endfacet
  facet normal -0.000000e+00 -0.000000e+00 -1.000000e+00
    outer loop
      vertex 2.246952e+01 2.086443e+01 1.635000e+00
      vertex 2.241632e+01 2.101219e+01 1.635000e+00
      vertex 2.835000e+01 2.714212e+01 1.635000e+00
    endloop
  endfacet
  facet normal -0.000000e+00 -0.000000e+00 -1.000000e+00
    outer loop
      vertex 2.835000e+01 2.714212e+01 1.635000e+00
      vertex 2.251334e+01 2.071361e+01 1.635000e+00
      vertex 2.246952e+01 2.086443e+01 1.635000e+00
    endloop
  endfacet
  facet normal -0.000000e+00 -0.000000e+00 -1.000000e+00
    outer loop
      vertex 2.835000e+01 2.714212e+01 1.635000e+00
      vertex 2.254760e+01 2.056034e+01 1.635000e+00
      vertex 2.251334e+01 2.071361e+01 1.635000e+00
    endloop
  endfacet
  facet normal -0.000000e+00 -0.000000e+00 -1.000000e+00
    outer loop
      vertex 3.000000e+01 2.670000e+01 1.635000e+00
      vertex 2.254760e+01 2.056034e+01 1.635000e+00
      vertex 2.835000e+01 2.714212e+01 1.635000e+00
    endloop
  endfacet
  facet normal -0.000000e+00 -0.000000e+00 -1.000000e+00
    outer loop
      vertex 3.000000e+01 2.670000e+01 1.635000e+00
      vertex 2.257217e+01 2.040522e+01 1.635000e+00
      vertex 2.254760e+01 2.056034e+01 1.635000e+00
    endloop
  endfacet
  facet normal -0.000000e+00 -0.000000e+00 -1.000000e+00
    outer loop
      vertex 3.000000e+01 2.670000e+01 1.635000e+00
      vertex 2.258695e+01 2.024886e+01 1.635000e+00
      vertex 2.257217e+01 2.040522e+01 1.635000e+00
    endloop
  endfacet
  facet normal -0.000000e+00 -0.000000e+00 -1.000000e+00
    outer loop
      vertex 2.259188e+01 2.009188e+01 1.635000e+00
      vertex 2.258695e+01 2.024886e+01 1.635000e+00
      vertex 3.000000e+01 2.670000e+01 1.635000e+00
    endloop
  endfacet
  facet normal -0.000000e+00 -0.000000e+00 -1.000000e+00
    outer loop
      vertex 2.257217e+01 1.877855e+01 1.635000e+00
      vertex 2.257217e+01 1.977855e+01 1.635000e+00
      vertex 2.258695e+01 1.993491e+01 1.635000e+00
    endloop
  endfacet
  facet normal -0.000000e+00 -0.000000e+00 -1.000000e+00
    outer loop
      vertex 2.389180e+01 8.912467e+00 1.635000e+00
      vertex 2.217786e+01 1.320382e+01 1.635000e+00
      vertex 2.257217e+01 1.877855e+01 1.635000e+00
    endloop
  endfacet
  facet normal -0.000000e+00 -0.000000e+00 -1.000000e+00
    outer loop
      vertex 2.217786e+01 1.258542e+01 1.635000e+00
      vertex 2.217786e+01 1.320382e+01 1.635000e+00
      vertex 2.389180e+01 8.912467e+00 1.635000e+00
    endloop
  endfacet
  facet normal -0.000000e+00 -0.000000e+00 -1.000000e+00
    outer loop
      vertex 3.000000e+01 2.670000e+01 1.635000e+00
      vertex 2.258695e+01 1.993491e+01 1.635000e+00
      vertex 2.259188e+01 2.009188e+01 1.635000e+00
    endloop
  endfacet
  facet normal -0.000000e+00 -0.000000e+00 -1.000000e+00
    outer loop
      vertex 3.000000e+01 2.670000e+01 1.635000e+00
      vertex 2.257217e+01 1.877855e+01 1.635000e+00
      vertex 2.258695e+01 1.993491e+01 1.635000e+00
    endloop
  endfacet
  facet normal -0.000000e+00 -0.000000e+00 -1.000000e+00
    outer loop
      vertex 3.165000e+01 2.714212e+01 1.635000e+00
      vertex 2.257217e+01 1.877855e+01 1.635000e+00
      vertex 3.000000e+01 2.670000e+01 1.635000e+00
    endloop
  endfacet
  facet normal -0.000000e+00 -0.000000e+00 -1.000000e+00
    outer loop
      vertex 3.165000e+01 2.714212e+01 1.635000e+00
      vertex 2.389180e+01 8.912467e+00 1.635000e+00
      vertex 2.257217e+01 1.877855e+01 1.635000e+00
    endloop
  endfacet
  facet normal -0.000000e+00 -0.000000e+00 -1.000000e+00
    outer loop
      vertex 2.500213e+01 5.014349e+00 1.635000e+00
      vertex 2.389180e+01 8.912467e+00 1.635000e+00
      vertex 3.165000e+01 2.714212e+01 1.635000e+00
    endloop
  endfacet
  facet normal -0.000000e+00 -0.000000e+00 -1.000000e+00
    outer loop
      vertex 2.500213e+01 5.014349e+00 1.635000e+00
      vertex 2.596360e+01 9.409288e-01 1.635000e+00
      vertex 2.548079e+01 9.895475e-01 1.635000e+00
    endloop
  endfacet
  facet normal -0.000000e+00 -0.000000e+00 -1.000000e+00
    outer loop
      vertex 2.636668e+01 6.707487e-01 1.635000e+00
      vertex 2.596360e+01 9.409288e-01 1.635000e+00
      vertex 2.500213e+01 5.014349e+00 1.635000e+00
    endloop
  endfacet
  facet normal -0.000000e+00 -0.000000e+00 -1.000000e+00
    outer loop
      vertex 2.659512e+01 2.426268e-01 1.635000e+00
      vertex 3.165000e+01 2.714212e+01 1.635000e+00
      vertex 3.285788e+01 2.835000e+01 1.635000e+00
    endloop
  endfacet
  facet normal -0.000000e+00 -0.000000e+00 -1.000000e+00
    outer loop
      vertex 2.659512e+01 2.426268e-01 1.635000e+00
      vertex 2.500213e+01 5.014349e+00 1.635000e+00
      vertex 3.165000e+01 2.714212e+01 1.635000e+00
    endloop
  endfacet
  facet normal -0.000000e+00 -0.000000e+00 -1.000000e+00
    outer loop
      vertex 2.636668e+01 6.707487e-01 1.635000e+00
      vertex 2.500213e+01 5.014349e+00 1.635000e+00
      vertex 2.659512e+01 2.426268e-01 1.635000e+00
    endloop
  endfacet
  facet normal -0.000000e+00 -0.000000e+00 -1.000000e+00
    outer loop
      vertex 4.000000e+01 -4.000000e+01 1.635000e+00
      vertex 2.659512e+01 2.426268e-01 1.635000e+00
      vertex 4.000000e+01 4.000000e+01 1.635000e+00
    endloop
  endfacet
  facet normal -0.000000e+00 -0.000000e+00 -1.000000e+00
    outer loop
      vertex 2.659512e+01 -2.426268e-01 1.635000e+00
      vertex 2.659512e+01 2.426268e-01 1.635000e+00
      vertex 4.000000e+01 -4.000000e+01 1.635000e+00
    endloop
  endfacet
  facet normal -0.000000e+00 -0.000000e+00 -1.000000e+00
    outer loop
      vertex 2.636668e+01 -6.707487e-01 1.635000e+00
      vertex 2.659512e+01 -2.426268e-01 1.635000e+00
      vertex 2.500213e+01 -5.014349e+00 1.635000e+00
    endloop
  endfacet
  facet normal -0.000000e+00 -0.000000e+00 -1.000000e+00
    outer loop
      vertex 2.500213e+01 -5.014349e+00 1.635000e+00
      vertex 2.596360e+01 -9.409288e-01 1.635000e+00
      vertex 2.636668e+01 -6.707487e-01 1.635000e+00
    endloop
  endfacet
  facet normal -0.000000e+00 -0.000000e+00 -1.000000e+00
    outer loop
      vertex 2.500213e+01 -5.014349e+00 1.635000e+00
      vertex 2.562500e+01 -1.000000e+00 1.635000e+00
      vertex 2.596360e+01 -9.409288e-01 1.635000e+00
    endloop
  endfacet
  facet normal -0.000000e+00 -0.000000e+00 -1.000000e+00
    outer loop
      vertex 2.548079e+01 -9.895475e-01 1.635000e+00
      vertex 2.562500e+01 -1.000000e+00 1.635000e+00
      vertex 2.500213e+01 -5.014349e+00 1.635000e+00
    endloop
  endfacet
  facet normal -0.000000e+00 -0.000000e+00 -1.000000e+00
    outer loop
      vertex 3.330000e+01 -3.000000e+01 1.635000e+00
      vertex 4.000000e+01 -4.000000e+01 1.635000e+00
      vertex 3.285788e+01 -3.165000e+01 1.635000e+00
    endloop
  endfacet
  facet normal -0.000000e+00 -0.000000e+00 -1.000000e+00
    outer loop
      vertex 3.285788e+01 -2.835000e+01 1.635000e+00
      vertex 4.000000e+01 -4.000000e+01 1.635000e+00
      vertex 3.330000e+01 -3.000000e+01 1.635000e+00
    endloop
  endfacet
  facet normal -0.000000e+00 -0.000000e+00 -1.000000e+00
    outer loop
      vertex 3.285788e+01 -2.835000e+01 1.635000e+00
      vertex 2.659512e+01 -2.426268e-01 1.635000e+00
      vertex 4.000000e+01 -4.000000e+01 1.635000e+00
    endloop
  endfacet
  facet normal -0.000000e+00 -0.000000e+00 -1.000000e+00
    outer loop
      vertex 3.165000e+01 -2.714212e+01 1.635000e+00
      vertex 2.659512e+01 -2.426268e-01 1.635000e+00
      vertex 3.285788e+01 -2.835000e+01 1.635000e+00
    endloop
  endfacet
  facet normal -0.000000e+00 -0.000000e+00 -1.000000e+00
    outer loop
      vertex 3.165000e+01 -2.714212e+01 1.635000e+00
      vertex 2.500213e+01 -5.014349e+00 1.635000e+00
      vertex 2.659512e+01 -2.426268e-01 1.635000e+00
    endloop
  endfacet
  facet normal -0.000000e+00 -0.000000e+00 -1.000000e+00
    outer loop
      vertex 2.389180e+01 -8.912467e+00 1.635000e+00
      vertex 2.500213e+01 -5.014349e+00 1.635000e+00
      vertex 3.165000e+01 -2.714212e+01 1.635000e+00
    endloop
  endfacet
  facet normal -0.000000e+00 -0.000000e+00 -1.000000e+00
    outer loop
      vertex 2.217786e+01 -1.320382e+01 1.635000e+00
      vertex 2.217786e+01 -1.258542e+01 1.635000e+00
      vertex 2.389180e+01 -8.912467e+00 1.635000e+00
    endloop
  endfacet
  facet normal -0.000000e+00 -0.000000e+00 -1.000000e+00
    outer loop
      vertex 2.257217e+01 -1.877855e+01 1.635000e+00
      vertex 3.165000e+01 -2.714212e+01 1.635000e+00
      vertex 3.000000e+01 -2.670000e+01 1.635000e+00
    endloop
  endfacet
  facet normal -0.000000e+00 -0.000000e+00 -1.000000e+00
    outer loop
      vertex 2.257217e+01 -1.877855e+01 1.635000e+00
      vertex 2.389180e+01 -8.912467e+00 1.635000e+00
      vertex 3.165000e+01 -2.714212e+01 1.635000e+00
    endloop
  endfacet
  facet normal -0.000000e+00 -0.000000e+00 -1.000000e+00
    outer loop
      vertex 2.217786e+01 -1.320382e+01 1.635000e+00
      vertex 2.389180e+01 -8.912467e+00 1.635000e+00
      vertex 2.257217e+01 -1.877855e+01 1.635000e+00
    endloop
  endfacet
  facet normal -0.000000e+00 -0.000000e+00 -1.000000e+00
    outer loop
      vertex 2.257217e+01 -1.877855e+01 1.635000e+00
      vertex 2.258695e+01 -1.993491e+01 1.635000e+00
      vertex 2.257217e+01 -1.977855e+01 1.635000e+00
    endloop
  endfacet
  facet normal -0.000000e+00 -0.000000e+00 -1.000000e+00
    outer loop
      vertex 3.000000e+01 -2.670000e+01 1.635000e+00
      vertex 2.258695e+01 -1.993491e+01 1.635000e+00
      vertex 2.257217e+01 -1.877855e+01 1.635000e+00
    endloop
  endfacet
  facet normal -0.000000e+00 -0.000000e+00 -1.000000e+00
    outer loop
      vertex 3.000000e+01 -2.670000e+01 1.635000e+00
      vertex 2.259188e+01 -2.009188e+01 1.635000e+00
      vertex 2.258695e+01 -1.993491e+01 1.635000e+00
    endloop
  endfacet
  facet normal -0.000000e+00 -0.000000e+00 -1.000000e+00
    outer loop
      vertex 2.258695e+01 -2.024886e+01 1.635000e+00
      vertex 2.259188e+01 -2.009188e+01 1.635000e+00
      vertex 3.000000e+01 -2.670000e+01 1.635000e+00
    endloop
  endfacet
  facet normal -0.000000e+00 -0.000000e+00 -1.000000e+00
    outer loop
      vertex 3.000000e+01 -2.670000e+01 1.635000e+00
      vertex 2.257217e+01 -2.040522e+01 1.635000e+00
      vertex 2.258695e+01 -2.024886e+01 1.635000e+00
    endloop
  endfacet
  facet normal -0.000000e+00 -0.000000e+00 -1.000000e+00
    outer loop
      vertex 3.000000e+01 -2.670000e+01 1.635000e+00
      vertex 2.254760e+01 -2.056034e+01 1.635000e+00
      vertex 2.257217e+01 -2.040522e+01 1.635000e+00
    endloop
  endfacet
  facet normal -0.000000e+00 -0.000000e+00 -1.000000e+00
    outer loop
      vertex 2.835000e+01 -2.714212e+01 1.635000e+00
      vertex 2.254760e+01 -2.056034e+01 1.635000e+00
      vertex 3.000000e+01 -2.670000e+01 1.635000e+00
    endloop
  endfacet
  facet normal -0.000000e+00 -0.000000e+00 -1.000000e+00
    outer loop
      vertex 2.835000e+01 -2.714212e+01 1.635000e+00
      vertex 2.251334e+01 -2.071361e+01 1.635000e+00
      vertex 2.254760e+01 -2.056034e+01 1.635000e+00
    endloop
  endfacet
  facet normal -0.000000e+00 -0.000000e+00 -1.000000e+00
    outer loop
      vertex 2.246952e+01 -2.086443e+01 1.635000e+00
      vertex 2.251334e+01 -2.071361e+01 1.635000e+00
      vertex 2.835000e+01 -2.714212e+01 1.635000e+00
    endloop
  endfacet
  facet normal -0.000000e+00 -0.000000e+00 -1.000000e+00
    outer loop
      vertex 2.835000e+01 -2.714212e+01 1.635000e+00
      vertex 2.241632e+01 -2.101219e+01 1.635000e+00
      vertex 2.246952e+01 -2.086443e+01 1.635000e+00
    endloop
  endfacet
  facet normal -0.000000e+00 -0.000000e+00 -1.000000e+00
    outer loop
      vertex 2.835000e+01 -2.714212e+01 1.635000e+00
      vertex 2.235395e+01 -2.115633e+01 1.635000e+00
      vertex 2.241632e+01 -2.101219e+01 1.635000e+00
    endloop
  endfacet
  facet normal -0.000000e+00 -0.000000e+00 -1.000000e+00
    outer loop
      vertex 2.228265e+01 -2.129627e+01 1.635000e+00
      vertex 2.235395e+01 -2.115633e+01 1.635000e+00
      vertex 2.835000e+01 -2.714212e+01 1.635000e+00
    endloop
  endfacet
  facet normal -0.000000e+00 -0.000000e+00 -1.000000e+00
    outer loop
      vertex 2.835000e+01 -2.714212e+01 1.635000e+00
      vertex 2.220270e+01 -2.143145e+01 1.635000e+00
      vertex 2.228265e+01 -2.129627e+01 1.635000e+00
    endloop
  endfacet
  facet normal -0.000000e+00 -0.000000e+00 -1.000000e+00
    outer loop
      vertex 2.835000e+01 -2.714212e+01 1.635000e+00
      vertex 2.211443e+01 -2.156135e+01 1.635000e+00
      vertex 2.220270e+01 -2.143145e+01 1.635000e+00
    endloop
  endfacet
  facet normal -0.000000e+00 -0.000000e+00 -1.000000e+00
    outer loop
      vertex 2.201817e+01 -2.168544e+01 1.635000e+00
      vertex 2.211443e+01 -2.156135e+01 1.635000e+00
      vertex 2.835000e+01 -2.714212e+01 1.635000e+00
    endloop
  endfacet
  facet normal -0.000000e+00 -0.000000e+00 -1.000000e+00
    outer loop
      vertex 2.835000e+01 -2.714212e+01 1.635000e+00
      vertex 2.191430e+01 -2.180325e+01 1.635000e+00
      vertex 2.201817e+01 -2.168544e+01 1.635000e+00
    endloop
  endfacet
  facet normal -0.000000e+00 -0.000000e+00 -1.000000e+00
    outer loop
      vertex 2.835000e+01 -2.714212e+01 1.635000e+00
      vertex 2.180325e+01 -2.191430e+01 1.635000e+00
      vertex 2.191430e+01 -2.180325e+01 1.635000e+00
    endloop
  endfacet
  facet normal -0.000000e+00 -0.000000e+00 -1.000000e+00
    outer loop
      vertex 2.714212e+01 -2.835000e+01 1.635000e+00
      vertex 2.180325e+01 -2.191430e+01 1.635000e+00
      vertex 2.835000e+01 -2.714212e+01 1.635000e+00
    endloop
  endfacet
  facet normal -0.000000e+00 -0.000000e+00 -1.000000e+00
    outer loop
      vertex 2.714212e+01 -2.835000e+01 1.635000e+00
      vertex 2.168544e+01 -2.201817e+01 1.635000e+00
      vertex 2.180325e+01 -2.191430e+01 1.635000e+00
    endloop
  endfacet
  facet normal -0.000000e+00 -0.000000e+00 -1.000000e+00
    outer loop
      vertex 2.714212e+01 -2.835000e+01 1.635000e+00
      vertex 2.156135e+01 -2.211443e+01 1.635000e+00
      vertex 2.168544e+01 -2.201817e+01 1.635000e+00
    endloop
  endfacet
  facet normal -0.000000e+00 -0.000000e+00 -1.000000e+00
    outer loop
      vertex 2.143145e+01 -2.220270e+01 1.635000e+00
      vertex 2.156135e+01 -2.211443e+01 1.635000e+00
      vertex 2.714212e+01 -2.835000e+01 1.635000e+00
    endloop
  endfacet
  facet normal -0.000000e+00 -0.000000e+00 -1.000000e+00
    outer loop
      vertex 2.714212e+01 -2.835000e+01 1.635000e+00
      vertex 2.129627e+01 -2.228265e+01 1.635000e+00
      vertex 2.143145e+01 -2.220270e+01 1.635000e+00
    endloop
  endfacet
  facet normal -0.000000e+00 -0.000000e+00 -1.000000e+00
    outer loop
      vertex 2.714212e+01 -2.835000e+01 1.635000e+00
      vertex 2.115633e+01 -2.235395e+01 1.635000e+00
      vertex 2.129627e+01 -2.228265e+01 1.635000e+00
    endloop
  endfacet
  facet normal -0.000000e+00 -0.000000e+00 -1.000000e+00
    outer loop
      vertex 2.101219e+01 -2.241632e+01 1.635000e+00
      vertex 2.115633e+01 -2.235395e+01 1.635000e+00
      vertex 2.714212e+01 -2.835000e+01 1.635000e+00
    endloop
  endfacet
  facet normal -0.000000e+00 -0.000000e+00 -1.000000e+00
    outer loop
      vertex 2.714212e+01 -2.835000e+01 1.635000e+00
      vertex 2.086443e+01 -2.246952e+01 1.635000e+00
      vertex 2.101219e+01 -2.241632e+01 1.635000e+00
    endloop
  endfacet
  facet normal -0.000000e+00 -0.000000e+00 -1.000000e+00
    outer loop
      vertex 2.714212e+01 -2.835000e+01 1.635000e+00
      vertex 2.071361e+01 -2.251334e+01 1.635000e+00
      vertex 2.086443e+01 -2.246952e+01 1.635000e+00
    endloop
  endfacet
  facet normal -0.000000e+00 -0.000000e+00 -1.000000e+00
    outer loop
      vertex 2.056034e+01 -2.254760e+01 1.635000e+00
      vertex 2.071361e+01 -2.251334e+01 1.635000e+00
      vertex 2.714212e+01 -2.835000e+01 1.635000e+00
    endloop
  endfacet
  facet normal -0.000000e+00 -0.000000e+00 -1.000000e+00
    outer loop
      vertex 2.670000e+01 -3.000000e+01 1.635000e+00
      vertex 2.056034e+01 -2.254760e+01 1.635000e+00
      vertex 2.714212e+01 -2.835000e+01 1.635000e+00
    endloop
  endfacet
  facet normal -0.000000e+00 -0.000000e+00 -1.000000e+00
    outer loop
      vertex 2.040522e+01 -2.257217e+01 1.635000e+00
      vertex 2.056034e+01 -2.254760e+01 1.635000e+00
      vertex 2.670000e+01 -3.000000e+01 1.635000e+00
    endloop
  endfacet
  facet normal -0.000000e+00 -0.000000e+00 -1.000000e+00
    outer loop
      vertex 2.670000e+01 -3.000000e+01 1.635000e+00
      vertex 2.024886e+01 -2.258695e+01 1.635000e+00
      vertex 2.040522e+01 -2.257217e+01 1.635000e+00
    endloop
  endfacet
  facet normal -0.000000e+00 -0.000000e+00 -1.000000e+00
    outer loop
      vertex 2.670000e+01 -3.000000e+01 1.635000e+00
      vertex 2.009188e+01 -2.259188e+01 1.635000e+00
      vertex 2.024886e+01 -2.258695e+01 1.635000e+00
    endloop
  endfacet
  facet normal -0.000000e+00 -0.000000e+00 -1.000000e+00
    outer loop
      vertex 1.993491e+01 -2.258695e+01 1.635000e+00
      vertex 2.009188e+01 -2.259188e+01 1.635000e+00
      vertex 2.670000e+01 -3.000000e+01 1.635000e+00
    endloop
  endfacet
  facet normal -0.000000e+00 -0.000000e+00 -1.000000e+00
    outer loop
      vertex 1.877855e+01 -2.257217e+01 1.635000e+00
      vertex 1.993491e+01 -2.258695e+01 1.635000e+00
      vertex 2.670000e+01 -3.000000e+01 1.635000e+00
    endloop
  endfacet
  facet normal -0.000000e+00 -0.000000e+00 -1.000000e+00
    outer loop
      vertex 1.977855e+01 -2.257217e+01 1.635000e+00
      vertex 1.993491e+01 -2.258695e+01 1.635000e+00
      vertex 1.877855e+01 -2.257217e+01 1.635000e+00
    endloop
  endfacet
  facet normal -0.000000e+00 -0.000000e+00 -1.000000e+00
    outer loop
      vertex 2.714212e+01 -3.165000e+01 1.635000e+00
      vertex 1.877855e+01 -2.257217e+01 1.635000e+00
      vertex 2.670000e+01 -3.000000e+01 1.635000e+00
    endloop
  endfacet
  facet normal -0.000000e+00 -0.000000e+00 -1.000000e+00
    outer loop
      vertex 1.320382e+01 -2.217786e+01 1.635000e+00
      vertex 1.877855e+01 -2.257217e+01 1.635000e+00
      vertex 2.714212e+01 -3.165000e+01 1.635000e+00
    endloop
  endfacet
  facet normal -0.000000e+00 -0.000000e+00 -1.000000e+00
    outer loop
      vertex 1.320382e+01 -2.217786e+01 1.635000e+00
      vertex 7.771641e+00 -2.428686e+01 1.635000e+00
      vertex 1.258542e+01 -2.217786e+01 1.635000e+00
    endloop
  endfacet
  facet normal -0.000000e+00 -0.000000e+00 -1.000000e+00
    outer loop
      vertex 2.714212e+01 -3.165000e+01 1.635000e+00
      vertex 7.771641e+00 -2.428686e+01 1.635000e+00
      vertex 1.320382e+01 -2.217786e+01 1.635000e+00
    endloop
  endfacet
  facet normal -0.000000e+00 -0.000000e+00 -1.000000e+00
    outer loop
      vertex 2.714212e+01 -3.165000e+01 1.635000e+00
      vertex 2.627753e+00 -2.536424e+01 1.635000e+00
      vertex 7.771641e+00 -2.428686e+01 1.635000e+00
    endloop
  endfacet
  facet normal -0.000000e+00 -0.000000e+00 -1.000000e+00
    outer loop
      vertex 2.835000e+01 -3.285788e+01 1.635000e+00
      vertex 2.627753e+00 -2.536424e+01 1.635000e+00
      vertex 2.714212e+01 -3.165000e+01 1.635000e+00
    endloop
  endfacet
  facet normal -0.000000e+00 -0.000000e+00 -1.000000e+00
    outer loop
      vertex -4.000000e+01 -4.000000e+01 1.635000e+00
      vertex 2.835000e+01 -3.285788e+01 1.635000e+00
      vertex 4.000000e+01 -4.000000e+01 1.635000e+00
    endloop
  endfacet
  facet normal -0.000000e+00 -0.000000e+00 -1.000000e+00
    outer loop
      vertex -2.835000e+01 -3.285788e+01 1.635000e+00
      vertex 2.835000e+01 -3.285788e+01 1.635000e+00
      vertex -4.000000e+01 -4.000000e+01 1.635000e+00
    endloop
  endfacet
  facet normal -0.000000e+00 -0.000000e+00 -1.000000e+00
    outer loop
      vertex -2.835000e+01 -3.285788e+01 1.635000e+00
      vertex 2.627753e+00 -2.536424e+01 1.635000e+00
      vertex 2.835000e+01 -3.285788e+01 1.635000e+00
    endloop
  endfacet
  facet normal -0.000000e+00 -0.000000e+00 -1.000000e+00
    outer loop
      vertex -2.627753e+00 -2.536424e+01 1.635000e+00
      vertex 2.627753e+00 -2.536424e+01 1.635000e+00
      vertex -2.835000e+01 -3.285788e+01 1.635000e+00
    endloop
  endfacet
  facet normal -0.000000e+00 -0.000000e+00 -1.000000e+00
    outer loop
      vertex -2.714212e+01 -3.165000e+01 1.635000e+00
      vertex -2.627753e+00 -2.536424e+01 1.635000e+00
      vertex -2.835000e+01 -3.285788e+01 1.635000e+00
    endloop
  endfacet
  facet normal -0.000000e+00 -0.000000e+00 -1.000000e+00
    outer loop
      vertex -7.771641e+00 -2.428686e+01 1.635000e+00
      vertex -2.627753e+00 -2.536424e+01 1.635000e+00
      vertex -2.714212e+01 -3.165000e+01 1.635000e+00
    endloop
  endfacet
  facet normal -0.000000e+00 -0.000000e+00 -1.000000e+00
    outer loop
      vertex -7.771641e+00 -2.428686e+01 1.635000e+00
      vertex -1.320382e+01 -2.217786e+01 1.635000e+00
      vertex -1.258542e+01 -2.217786e+01 1.635000e+00
    endloop
  endfacet
  facet normal -0.000000e+00 -0.000000e+00 -1.000000e+00
    outer loop
      vertex -2.714212e+01 -3.165000e+01 1.635000e+00
      vertex -1.320382e+01 -2.217786e+01 1.635000e+00
      vertex -7.771641e+00 -2.428686e+01 1.635000e+00
    endloop
  endfacet
  facet normal -0.000000e+00 -0.000000e+00 -1.000000e+00
    outer loop
      vertex -2.714212e+01 -3.165000e+01 1.635000e+00
      vertex -1.877855e+01 -2.257217e+01 1.635000e+00
      vertex -1.320382e+01 -2.217786e+01 1.635000e+00
    endloop
  endfacet
  facet normal -0.000000e+00 -0.000000e+00 -1.000000e+00
    outer loop
      vertex -2.670000e+01 -3.000000e+01 1.635000e+00
      vertex -1.877855e+01 -2.257217e+01 1.635000e+00
      vertex -2.714212e+01 -3.165000e+01 1.635000e+00
    endloop
  endfacet
  facet normal -0.000000e+00 -0.000000e+00 -1.000000e+00
    outer loop
      vertex -1.877855e+01 -2.257217e+01 1.635000e+00
      vertex -1.993491e+01 -2.258695e+01 1.635000e+00
      vertex -1.977855e+01 -2.257217e+01 1.635000e+00
    endloop
  endfacet
  facet normal -0.000000e+00 -0.000000e+00 -1.000000e+00
    outer loop
      vertex -2.670000e+01 -3.000000e+01 1.635000e+00
      vertex -1.993491e+01 -2.258695e+01 1.635000e+00
      vertex -1.877855e+01 -2.257217e+01 1.635000e+00
    endloop
  endfacet
  facet normal -0.000000e+00 -0.000000e+00 -1.000000e+00
    outer loop
      vertex -2.670000e+01 -3.000000e+01 1.635000e+00
      vertex -2.009188e+01 -2.259188e+01 1.635000e+00
      vertex -1.993491e+01 -2.258695e+01 1.635000e+00
    endloop
  endfacet
  facet normal -0.000000e+00 -0.000000e+00 -1.000000e+00
    outer loop
      vertex -2.024886e+01 -2.258695e+01 1.635000e+00
      vertex -2.009188e+01 -2.259188e+01 1.635000e+00
      vertex -2.670000e+01 -3.000000e+01 1.635000e+00
    endloop
  endfacet
  facet normal -0.000000e+00 -0.000000e+00 -1.000000e+00
    outer loop
      vertex -2.670000e+01 -3.000000e+01 1.635000e+00
      vertex -2.040522e+01 -2.257217e+01 1.635000e+00
      vertex -2.024886e+01 -2.258695e+01 1.635000e+00
    endloop
  endfacet
  facet normal -0.000000e+00 -0.000000e+00 -1.000000e+00
    outer loop
      vertex -2.670000e+01 -3.000000e+01 1.635000e+00
      vertex -2.056034e+01 -2.254760e+01 1.635000e+00
      vertex -2.040522e+01 -2.257217e+01 1.635000e+00
    endloop
  endfacet
  facet normal -0.000000e+00 -0.000000e+00 -1.000000e+00
    outer loop
      vertex -2.714212e+01 -2.835000e+01 1.635000e+00
      vertex -2.056034e+01 -2.254760e+01 1.635000e+00
      vertex -2.670000e+01 -3.000000e+01 1.635000e+00
    endloop
  endfacet
  facet normal -0.000000e+00 -0.000000e+00 -1.000000e+00
    outer loop
      vertex -2.714212e+01 -2.835000e+01 1.635000e+00
      vertex -2.071361e+01 -2.251334e+01 1.635000e+00
      vertex -2.056034e+01 -2.254760e+01 1.635000e+00
    endloop
  endfacet
  facet normal -0.000000e+00 -0.000000e+00 -1.000000e+00
    outer loop
      vertex -2.714212e+01 -2.835000e+01 1.635000e+00
      vertex -2.086443e+01 -2.246952e+01 1.635000e+00
      vertex -2.071361e+01 -2.251334e+01 1.635000e+00
    endloop
  endfacet
  facet normal -0.000000e+00 -0.000000e+00 -1.000000e+00
    outer loop
      vertex -2.101219e+01 -2.241632e+01 1.635000e+00
      vertex -2.086443e+01 -2.246952e+01 1.635000e+00
      vertex -2.714212e+01 -2.835000e+01 1.635000e+00
    endloop
  endfacet
  facet normal -0.000000e+00 -0.000000e+00 -1.000000e+00
    outer loop
      vertex -2.714212e+01 -2.835000e+01 1.635000e+00
      vertex -2.115633e+01 -2.235395e+01 1.635000e+00
      vertex -2.101219e+01 -2.241632e+01 1.635000e+00
    endloop
  endfacet
  facet normal -0.000000e+00 -0.000000e+00 -1.000000e+00
    outer loop
      vertex -2.714212e+01 -2.835000e+01 1.635000e+00
      vertex -2.129627e+01 -2.228265e+01 1.635000e+00
      vertex -2.115633e+01 -2.235395e+01 1.635000e+00
    endloop
  endfacet
  facet normal -0.000000e+00 -0.000000e+00 -1.000000e+00
    outer loop
      vertex -2.143145e+01 -2.220270e+01 1.635000e+00
      vertex -2.129627e+01 -2.228265e+01 1.635000e+00
      vertex -2.714212e+01 -2.835000e+01 1.635000e+00
    endloop
  endfacet
  facet normal -0.000000e+00 -0.000000e+00 -1.000000e+00
    outer loop
      vertex -2.714212e+01 -2.835000e+01 1.635000e+00
      vertex -2.156135e+01 -2.211443e+01 1.635000e+00
      vertex -2.143145e+01 -2.220270e+01 1.635000e+00
    endloop
  endfacet
  facet normal -0.000000e+00 -0.000000e+00 -1.000000e+00
    outer loop
      vertex -2.714212e+01 -2.835000e+01 1.635000e+00
      vertex -2.168544e+01 -2.201817e+01 1.635000e+00
      vertex -2.156135e+01 -2.211443e+01 1.635000e+00
    endloop
  endfacet
  facet normal -0.000000e+00 -0.000000e+00 -1.000000e+00
    outer loop
      vertex -2.180325e+01 -2.191430e+01 1.635000e+00
      vertex -2.168544e+01 -2.201817e+01 1.635000e+00
      vertex -2.714212e+01 -2.835000e+01 1.635000e+00
    endloop
  endfacet
  facet normal -0.000000e+00 -0.000000e+00 -1.000000e+00
    outer loop
      vertex -2.835000e+01 -2.714212e+01 1.635000e+00
      vertex -2.180325e+01 -2.191430e+01 1.635000e+00
      vertex -2.714212e+01 -2.835000e+01 1.635000e+00
    endloop
  endfacet
  facet normal -0.000000e+00 -0.000000e+00 -1.000000e+00
    outer loop
      vertex -2.191430e+01 -2.180325e+01 1.635000e+00
      vertex -2.180325e+01 -2.191430e+01 1.635000e+00
      vertex -2.835000e+01 -2.714212e+01 1.635000e+00
    endloop
  endfacet
  facet normal -0.000000e+00 -0.000000e+00 -1.000000e+00
    outer loop
      vertex -2.835000e+01 -2.714212e+01 1.635000e+00
      vertex -2.201817e+01 -2.168544e+01 1.635000e+00
      vertex -2.191430e+01 -2.180325e+01 1.635000e+00
    endloop
  endfacet
  facet normal -0.000000e+00 -0.000000e+00 -1.000000e+00
    outer loop
      vertex -2.835000e+01 -2.714212e+01 1.635000e+00
      vertex -2.211443e+01 -2.156135e+01 1.635000e+00
      vertex -2.201817e+01 -2.168544e+01 1.635000e+00
    endloop
  endfacet
  facet normal -0.000000e+00 -0.000000e+00 -1.000000e+00
    outer loop
      vertex -2.220270e+01 -2.143145e+01 1.635000e+00
      vertex -2.211443e+01 -2.156135e+01 1.635000e+00
      vertex -2.835000e+01 -2.714212e+01 1.635000e+00
    endloop
  endfacet
  facet normal -0.000000e+00 -0.000000e+00 -1.000000e+00
    outer loop
      vertex -2.835000e+01 -2.714212e+01 1.635000e+00
      vertex -2.228265e+01 -2.129627e+01 1.635000e+00
      vertex -2.220270e+01 -2.143145e+01 1.635000e+00
    endloop
  endfacet
  facet normal -0.000000e+00 -0.000000e+00 -1.000000e+00
    outer loop
      vertex -2.835000e+01 -2.714212e+01 1.635000e+00
      vertex -2.235395e+01 -2.115633e+01 1.635000e+00
      vertex -2.228265e+01 -2.129627e+01 1.635000e+00
    endloop
  endfacet
  facet normal -0.000000e+00 -0.000000e+00 -1.000000e+00
    outer loop
      vertex -2.241632e+01 -2.101219e+01 1.635000e+00
      vertex -2.235395e+01 -2.115633e+01 1.635000e+00
      vertex -2.835000e+01 -2.714212e+01 1.635000e+00
    endloop
  endfacet
  facet normal -0.000000e+00 -0.000000e+00 -1.000000e+00
    outer loop
      vertex -2.835000e+01 -2.714212e+01 1.635000e+00
      vertex -2.246952e+01 -2.086443e+01 1.635000e+00
      vertex -2.241632e+01 -2.101219e+01 1.635000e+00
    endloop
  endfacet
  facet normal -0.000000e+00 -0.000000e+00 -1.000000e+00
    outer loop
      vertex -2.835000e+01 -2.714212e+01 1.635000e+00
      vertex -2.251334e+01 -2.071361e+01 1.635000e+00
      vertex -2.246952e+01 -2.086443e+01 1.635000e+00
    endloop
  endfacet
  facet normal -0.000000e+00 -0.000000e+00 -1.000000e+00
    outer loop
      vertex -2.254760e+01 -2.056034e+01 1.635000e+00
      vertex -2.251334e+01 -2.071361e+01 1.635000e+00
      vertex -2.835000e+01 -2.714212e+01 1.635000e+00
    endloop
  endfacet
  facet normal -0.000000e+00 -0.000000e+00 -1.000000e+00
    outer loop
      vertex -3.000000e+01 -2.670000e+01 1.635000e+00
      vertex -2.254760e+01 -2.056034e+01 1.635000e+00
      vertex -2.835000e+01 -2.714212e+01 1.635000e+00
    endloop
  endfacet
  facet normal -0.000000e+00 -0.000000e+00 -1.000000e+00
    outer loop
      vertex -2.257217e+01 -2.040522e+01 1.635000e+00
      vertex -2.254760e+01 -2.056034e+01 1.635000e+00
      vertex -3.000000e+01 -2.670000e+01 1.635000e+00
    endloop
  endfacet
  facet normal -0.000000e+00 -0.000000e+00 -1.000000e+00
    outer loop
      vertex -3.000000e+01 -2.670000e+01 1.635000e+00
      vertex -2.258695e+01 -2.024886e+01 1.635000e+00
      vertex -2.257217e+01 -2.040522e+01 1.635000e+00
    endloop
  endfacet
  facet normal -0.000000e+00 -0.000000e+00 -1.000000e+00
    outer loop
      vertex -3.000000e+01 -2.670000e+01 1.635000e+00
      vertex -2.259188e+01 -2.009188e+01 1.635000e+00
      vertex -2.258695e+01 -2.024886e+01 1.635000e+00
    endloop
  endfacet
  facet normal -0.000000e+00 -0.000000e+00 -1.000000e+00
    outer loop
      vertex -2.258695e+01 -1.993491e+01 1.635000e+00
      vertex -2.259188e+01 -2.009188e+01 1.635000e+00
      vertex -3.000000e+01 -2.670000e+01 1.635000e+00
    endloop
  endfacet
  facet normal -0.000000e+00 -0.000000e+00 -1.000000e+00
    outer loop
      vertex -2.257217e+01 -1.877855e+01 1.635000e+00
      vertex -3.000000e+01 -2.670000e+01 1.635000e+00
      vertex -3.165000e+01 -2.714212e+01 1.635000e+00
    endloop
  endfacet
  facet normal -0.000000e+00 -0.000000e+00 -1.000000e+00
    outer loop
      vertex -2.257217e+01 -1.877855e+01 1.635000e+00
      vertex -2.258695e+01 -1.993491e+01 1.635000e+00
      vertex -3.000000e+01 -2.670000e+01 1.635000e+00
    endloop
  endfacet
  facet normal -0.000000e+00 -0.000000e+00 -1.000000e+00
    outer loop
      vertex -2.257217e+01 -1.977855e+01 1.635000e+00
      vertex -2.258695e+01 -1.993491e+01 1.635000e+00
      vertex -2.257217e+01 -1.877855e+01 1.635000e+00
    endloop
  endfacet
  facet normal -0.000000e+00 -0.000000e+00 -1.000000e+00
    outer loop
      vertex -2.428686e+01 -7.771641e+00 1.635000e+00
      vertex -2.217786e+01 -1.258542e+01 1.635000e+00
      vertex -2.217786e+01 -1.320382e+01 1.635000e+00
    endloop
  endfacet
  facet normal -0.000000e+00 -0.000000e+00 -1.000000e+00
    outer loop
      vertex -3.165000e+01 -2.714212e+01 1.635000e+00
      vertex -2.217786e+01 -1.320382e+01 1.635000e+00
      vertex -2.257217e+01 -1.877855e+01 1.635000e+00
    endloop
  endfacet
  facet normal -0.000000e+00 -0.000000e+00 -1.000000e+00
    outer loop
      vertex -3.165000e+01 -2.714212e+01 1.635000e+00
      vertex -2.428686e+01 -7.771641e+00 1.635000e+00
      vertex -2.217786e+01 -1.320382e+01 1.635000e+00
    endloop
  endfacet
  facet normal -0.000000e+00 -0.000000e+00 -1.000000e+00
    outer loop
      vertex -2.536424e+01 -2.627753e+00 1.635000e+00
      vertex -2.428686e+01 -7.771641e+00 1.635000e+00
      vertex -3.165000e+01 -2.714212e+01 1.635000e+00
    endloop
  endfacet
  facet normal -0.000000e+00 -0.000000e+00 -1.000000e+00
    outer loop
      vertex -3.285788e+01 -2.835000e+01 1.635000e+00
      vertex -2.536424e+01 -2.627753e+00 1.635000e+00
      vertex -3.165000e+01 -2.714212e+01 1.635000e+00
    endloop
  endfacet
  facet normal -0.000000e+00 -0.000000e+00 -1.000000e+00
    outer loop
      vertex -2.550000e+01 3.122849e-15 1.635000e+00
      vertex -2.536424e+01 -2.627753e+00 1.635000e+00
      vertex -3.285788e+01 -2.835000e+01 1.635000e+00
    endloop
  endfacet
  facet normal -0.000000e+00 -0.000000e+00 -1.000000e+00
    outer loop
      vertex -4.000000e+01 -4.000000e+01 1.635000e+00
      vertex -3.330000e+01 -3.000000e+01 1.635000e+00
      vertex -3.285788e+01 -3.165000e+01 1.635000e+00
    endloop
  endfacet
  facet normal -0.000000e+00 -0.000000e+00 -1.000000e+00
    outer loop
      vertex -4.000000e+01 -4.000000e+01 1.635000e+00
      vertex -3.285788e+01 -2.835000e+01 1.635000e+00
      vertex -3.330000e+01 -3.000000e+01 1.635000e+00
    endloop
  endfacet
  facet normal -0.000000e+00 -0.000000e+00 -1.000000e+00
    outer loop
      vertex -3.285788e+01 2.835000e+01 1.635000e+00
      vertex -3.285788e+01 -2.835000e+01 1.635000e+00
      vertex -4.000000e+01 -4.000000e+01 1.635000e+00
    endloop
  endfacet
  facet normal -0.000000e+00 -0.000000e+00 -1.000000e+00
    outer loop
      vertex -3.285788e+01 2.835000e+01 1.635000e+00
      vertex -2.550000e+01 3.122849e-15 1.635000e+00
      vertex -3.285788e+01 -2.835000e+01 1.635000e+00
    endloop
  endfacet
  facet normal -0.000000e+00 -0.000000e+00 -1.000000e+00
    outer loop
      vertex -2.536424e+01 2.627753e+00 1.635000e+00
      vertex -2.550000e+01 3.122849e-15 1.635000e+00
      vertex -3.285788e+01 2.835000e+01 1.635000e+00
    endloop
  endfacet
  facet normal -0.000000e+00 -0.000000e+00 -1.000000e+00
    outer loop
      vertex -3.165000e+01 2.714212e+01 1.635000e+00
      vertex -2.536424e+01 2.627753e+00 1.635000e+00
      vertex -3.285788e+01 2.835000e+01 1.635000e+00
    endloop
  endfacet
  facet normal -0.000000e+00 -0.000000e+00 -1.000000e+00
    outer loop
      vertex -2.428686e+01 7.771641e+00 1.635000e+00
      vertex -2.536424e+01 2.627753e+00 1.635000e+00
      vertex -3.165000e+01 2.714212e+01 1.635000e+00
    endloop
  endfacet
  facet normal -0.000000e+00 -0.000000e+00 -1.000000e+00
    outer loop
      vertex -2.258695e+01 1.993491e+01 1.635000e+00
      vertex -2.257217e+01 1.977855e+01 1.635000e+00
      vertex -2.257217e+01 1.877855e+01 1.635000e+00
    endloop
  endfacet
  facet normal -0.000000e+00 -0.000000e+00 -1.000000e+00
    outer loop
      vertex -2.428686e+01 7.771641e+00 1.635000e+00
      vertex -2.217786e+01 1.320382e+01 1.635000e+00
      vertex -2.217786e+01 1.258542e+01 1.635000e+00
    endloop
  endfacet
  facet normal -0.000000e+00 -0.000000e+00 -1.000000e+00
    outer loop
      vertex -3.165000e+01 2.714212e+01 1.635000e+00
      vertex -2.217786e+01 1.320382e+01 1.635000e+00
      vertex -2.428686e+01 7.771641e+00 1.635000e+00
    endloop
  endfacet
  facet normal -0.000000e+00 -0.000000e+00 -1.000000e+00
    outer loop
      vertex -3.165000e+01 2.714212e+01 1.635000e+00
      vertex -2.257217e+01 1.877855e+01 1.635000e+00
      vertex -2.217786e+01 1.320382e+01 1.635000e+00
    endloop
  endfacet
  facet normal -0.000000e+00 -0.000000e+00 -1.000000e+00
    outer loop
      vertex -3.000000e+01 2.670000e+01 1.635000e+00
      vertex -2.257217e+01 1.877855e+01 1.635000e+00
      vertex -3.165000e+01 2.714212e+01 1.635000e+00
    endloop
  endfacet
  facet normal -0.000000e+00 -0.000000e+00 -1.000000e+00
    outer loop
      vertex -3.000000e+01 2.670000e+01 1.635000e+00
      vertex -2.258695e+01 1.993491e+01 1.635000e+00
      vertex -2.257217e+01 1.877855e+01 1.635000e+00
    endloop
  endfacet
  facet normal -0.000000e+00 -0.000000e+00 -1.000000e+00
    outer loop
      vertex -2.259188e+01 2.009188e+01 1.635000e+00
      vertex -2.258695e+01 1.993491e+01 1.635000e+00
      vertex -3.000000e+01 2.670000e+01 1.635000e+00
    endloop
  endfacet
  facet normal -0.000000e+00 -0.000000e+00 -1.000000e+00
    outer loop
      vertex -3.000000e+01 2.670000e+01 1.635000e+00
      vertex -2.258695e+01 2.024886e+01 1.635000e+00
      vertex -2.259188e+01 2.009188e+01 1.635000e+00
    endloop
  endfacet
  facet normal -0.000000e+00 -0.000000e+00 -1.000000e+00
    outer loop
      vertex -3.000000e+01 2.670000e+01 1.635000e+00
      vertex -2.257217e+01 2.040522e+01 1.635000e+00
      vertex -2.258695e+01 2.024886e+01 1.635000e+00
    endloop
  endfacet
  facet normal -0.000000e+00 -0.000000e+00 -1.000000e+00
    outer loop
      vertex -2.254760e+01 2.056034e+01 1.635000e+00
      vertex -2.257217e+01 2.040522e+01 1.635000e+00
      vertex -3.000000e+01 2.670000e+01 1.635000e+00
    endloop
  endfacet
  facet normal -0.000000e+00 -0.000000e+00 -1.000000e+00
    outer loop
      vertex -2.835000e+01 2.714212e+01 1.635000e+00
      vertex -2.254760e+01 2.056034e+01 1.635000e+00
      vertex -3.000000e+01 2.670000e+01 1.635000e+00
    endloop
  endfacet
  facet normal -0.000000e+00 -0.000000e+00 -1.000000e+00
    outer loop
      vertex -2.251334e+01 2.071361e+01 1.635000e+00
      vertex -2.254760e+01 2.056034e+01 1.635000e+00
      vertex -2.835000e+01 2.714212e+01 1.635000e+00
    endloop
  endfacet
  facet normal -0.000000e+00 -0.000000e+00 -1.000000e+00
    outer loop
      vertex -2.835000e+01 2.714212e+01 1.635000e+00
      vertex -2.246952e+01 2.086443e+01 1.635000e+00
      vertex -2.251334e+01 2.071361e+01 1.635000e+00
    endloop
  endfacet
  facet normal -0.000000e+00 -0.000000e+00 -1.000000e+00
    outer loop
      vertex -2.835000e+01 2.714212e+01 1.635000e+00
      vertex -2.241632e+01 2.101219e+01 1.635000e+00
      vertex -2.246952e+01 2.086443e+01 1.635000e+00
    endloop
  endfacet
  facet normal -0.000000e+00 -0.000000e+00 -1.000000e+00
    outer loop
      vertex -2.235395e+01 2.115633e+01 1.635000e+00
      vertex -2.241632e+01 2.101219e+01 1.635000e+00
      vertex -2.835000e+01 2.714212e+01 1.635000e+00
    endloop
  endfacet
  facet normal -0.000000e+00 -0.000000e+00 -1.000000e+00
    outer loop
      vertex -2.835000e+01 2.714212e+01 1.635000e+00
      vertex -2.228265e+01 2.129627e+01 1.635000e+00
      vertex -2.235395e+01 2.115633e+01 1.635000e+00
    endloop
  endfacet
  facet normal -0.000000e+00 -0.000000e+00 -1.000000e+00
    outer loop
      vertex -2.835000e+01 2.714212e+01 1.635000e+00
      vertex -2.220270e+01 2.143145e+01 1.635000e+00
      vertex -2.228265e+01 2.129627e+01 1.635000e+00
    endloop
  endfacet
  facet normal -0.000000e+00 -0.000000e+00 -1.000000e+00
    outer loop
      vertex -2.211443e+01 2.156135e+01 1.635000e+00
      vertex -2.220270e+01 2.143145e+01 1.635000e+00
      vertex -2.835000e+01 2.714212e+01 1.635000e+00
    endloop
  endfacet
  facet normal -0.000000e+00 -0.000000e+00 -1.000000e+00
    outer loop
      vertex -2.835000e+01 2.714212e+01 1.635000e+00
      vertex -2.201817e+01 2.168544e+01 1.635000e+00
      vertex -2.211443e+01 2.156135e+01 1.635000e+00
    endloop
  endfacet
  facet normal -0.000000e+00 -0.000000e+00 -1.000000e+00
    outer loop
      vertex -2.835000e+01 2.714212e+01 1.635000e+00
      vertex -2.191430e+01 2.180325e+01 1.635000e+00
      vertex -2.201817e+01 2.168544e+01 1.635000e+00
    endloop
  endfacet
  facet normal -0.000000e+00 -0.000000e+00 -1.000000e+00
    outer loop
      vertex -2.180325e+01 2.191430e+01 1.635000e+00
      vertex -2.191430e+01 2.180325e+01 1.635000e+00
      vertex -2.835000e+01 2.714212e+01 1.635000e+00
    endloop
  endfacet
  facet normal -0.000000e+00 -0.000000e+00 -1.000000e+00
    outer loop
      vertex -2.714212e+01 2.835000e+01 1.635000e+00
      vertex -2.180325e+01 2.191430e+01 1.635000e+00
      vertex -2.835000e+01 2.714212e+01 1.635000e+00
    endloop
  endfacet
  facet normal -0.000000e+00 -0.000000e+00 -1.000000e+00
    outer loop
      vertex -2.168544e+01 2.201817e+01 1.635000e+00
      vertex -2.180325e+01 2.191430e+01 1.635000e+00
      vertex -2.714212e+01 2.835000e+01 1.635000e+00
    endloop
  endfacet
  facet normal -0.000000e+00 -0.000000e+00 -1.000000e+00
    outer loop
      vertex -2.714212e+01 2.835000e+01 1.635000e+00
      vertex -2.156135e+01 2.211443e+01 1.635000e+00
      vertex -2.168544e+01 2.201817e+01 1.635000e+00
    endloop
  endfacet
  facet normal -0.000000e+00 -0.000000e+00 -1.000000e+00
    outer loop
      vertex -2.714212e+01 2.835000e+01 1.635000e+00
      vertex -2.143145e+01 2.220270e+01 1.635000e+00
      vertex -2.156135e+01 2.211443e+01 1.635000e+00
    endloop
  endfacet
  facet normal -0.000000e+00 -0.000000e+00 -1.000000e+00
    outer loop
      vertex -2.129627e+01 2.228265e+01 1.635000e+00
      vertex -2.143145e+01 2.220270e+01 1.635000e+00
      vertex -2.714212e+01 2.835000e+01 1.635000e+00
    endloop
  endfacet
  facet normal -0.000000e+00 -0.000000e+00 -1.000000e+00
    outer loop
      vertex -2.714212e+01 2.835000e+01 1.635000e+00
      vertex -2.115633e+01 2.235395e+01 1.635000e+00
      vertex -2.129627e+01 2.228265e+01 1.635000e+00
    endloop
  endfacet
  facet normal -0.000000e+00 -0.000000e+00 -1.000000e+00
    outer loop
      vertex -2.714212e+01 2.835000e+01 1.635000e+00
      vertex -2.101219e+01 2.241632e+01 1.635000e+00
      vertex -2.115633e+01 2.235395e+01 1.635000e+00
    endloop
  endfacet
  facet normal -0.000000e+00 -0.000000e+00 -1.000000e+00
    outer loop
      vertex -2.086443e+01 2.246952e+01 1.635000e+00
      vertex -2.101219e+01 2.241632e+01 1.635000e+00
      vertex -2.714212e+01 2.835000e+01 1.635000e+00
    endloop
  endfacet
  facet normal -0.000000e+00 -0.000000e+00 -1.000000e+00
    outer loop
      vertex -2.714212e+01 2.835000e+01 1.635000e+00
      vertex -2.071361e+01 2.251334e+01 1.635000e+00
      vertex -2.086443e+01 2.246952e+01 1.635000e+00
    endloop
  endfacet
  facet normal -0.000000e+00 -0.000000e+00 -1.000000e+00
    outer loop
      vertex -2.714212e+01 2.835000e+01 1.635000e+00
      vertex -2.056034e+01 2.254760e+01 1.635000e+00
      vertex -2.071361e+01 2.251334e+01 1.635000e+00
    endloop
  endfacet
  facet normal -0.000000e+00 -0.000000e+00 -1.000000e+00
    outer loop
      vertex -2.670000e+01 3.000000e+01 1.635000e+00
      vertex -2.056034e+01 2.254760e+01 1.635000e+00
      vertex -2.714212e+01 2.835000e+01 1.635000e+00
    endloop
  endfacet
  facet normal -0.000000e+00 -0.000000e+00 -1.000000e+00
    outer loop
      vertex -2.670000e+01 3.000000e+01 1.635000e+00
      vertex -2.040522e+01 2.257217e+01 1.635000e+00
      vertex -2.056034e+01 2.254760e+01 1.635000e+00
    endloop
  endfacet
  facet normal -0.000000e+00 -0.000000e+00 -1.000000e+00
    outer loop
      vertex -2.670000e+01 3.000000e+01 1.635000e+00
      vertex -2.024886e+01 2.258695e+01 1.635000e+00
      vertex -2.040522e+01 2.257217e+01 1.635000e+00
    endloop
  endfacet
  facet normal -0.000000e+00 -0.000000e+00 -1.000000e+00
    outer loop
      vertex -2.009188e+01 2.259188e+01 1.635000e+00
      vertex -2.024886e+01 2.258695e+01 1.635000e+00
      vertex -2.670000e+01 3.000000e+01 1.635000e+00
    endloop
  endfacet
  facet normal -0.000000e+00 -0.000000e+00 -1.000000e+00
    outer loop
      vertex -1.877855e+01 2.257217e+01 1.635000e+00
      vertex -1.977855e+01 2.257217e+01 1.635000e+00
      vertex -1.993491e+01 2.258695e+01 1.635000e+00
    endloop
  endfacet
  facet normal -0.000000e+00 -0.000000e+00 -1.000000e+00
    outer loop
      vertex -8.912467e+00 2.389180e+01 1.635000e+00
      vertex -1.320382e+01 2.217786e+01 1.635000e+00
      vertex -1.877855e+01 2.257217e+01 1.635000e+00
    endloop
  endfacet
  facet normal -0.000000e+00 -0.000000e+00 -1.000000e+00
    outer loop
      vertex -1.258542e+01 2.217786e+01 1.635000e+00
      vertex -1.320382e+01 2.217786e+01 1.635000e+00
      vertex -8.912467e+00 2.389180e+01 1.635000e+00
    endloop
  endfacet
  facet normal -0.000000e+00 -0.000000e+00 -1.000000e+00
    outer loop
      vertex -2.670000e+01 3.000000e+01 1.635000e+00
      vertex -1.993491e+01 2.258695e+01 1.635000e+00
      vertex -2.009188e+01 2.259188e+01 1.635000e+00
    endloop
  endfacet
  facet normal -0.000000e+00 -0.000000e+00 -1.000000e+00
    outer loop
      vertex -2.670000e+01 3.000000e+01 1.635000e+00
      vertex -1.877855e+01 2.257217e+01 1.635000e+00
      vertex -1.993491e+01 2.258695e+01 1.635000e+00
    endloop
  endfacet
  facet normal -0.000000e+00 -0.000000e+00 -1.000000e+00
    outer loop
      vertex -2.714212e+01 3.165000e+01 1.635000e+00
      vertex -1.877855e+01 2.257217e+01 1.635000e+00
      vertex -2.670000e+01 3.000000e+01 1.635000e+00
    endloop
  endfacet
  facet normal -0.000000e+00 -0.000000e+00 -1.000000e+00
    outer loop
      vertex -2.714212e+01 3.165000e+01 1.635000e+00
      vertex -8.912467e+00 2.389180e+01 1.635000e+00
      vertex -1.877855e+01 2.257217e+01 1.635000e+00
    endloop
  endfacet
  facet normal -0.000000e+00 -0.000000e+00 -1.000000e+00
    outer loop
      vertex -5.014349e+00 2.500213e+01 1.635000e+00
      vertex -8.912467e+00 2.389180e+01 1.635000e+00
      vertex -2.714212e+01 3.165000e+01 1.635000e+00
    endloop
  endfacet
  facet normal -0.000000e+00 -0.000000e+00 -1.000000e+00
    outer loop
      vertex -5.014349e+00 2.500213e+01 1.635000e+00
      vertex -1.000000e+00 2.562500e+01 1.635000e+00
      vertex -9.895475e-01 2.548079e+01 1.635000e+00
    endloop
  endfacet
  facet normal -0.000000e+00 -0.000000e+00 -1.000000e+00
    outer loop
      vertex -5.014349e+00 2.500213e+01 1.635000e+00
      vertex -9.409288e-01 2.596360e+01 1.635000e+00
      vertex -1.000000e+00 2.562500e+01 1.635000e+00
    endloop
  endfacet
  facet normal -0.000000e+00 -0.000000e+00 -1.000000e+00
    outer loop
      vertex -6.707487e-01 2.636668e+01 1.635000e+00
      vertex -9.409288e-01 2.596360e+01 1.635000e+00
      vertex -5.014349e+00 2.500213e+01 1.635000e+00
    endloop
  endfacet
  facet normal -0.000000e+00 -0.000000e+00 -1.000000e+00
    outer loop
      vertex -2.426268e-01 2.659512e+01 1.635000e+00
      vertex -2.714212e+01 3.165000e+01 1.635000e+00
      vertex -2.835000e+01 3.285788e+01 1.635000e+00
    endloop
  endfacet
  facet normal -0.000000e+00 -0.000000e+00 -1.000000e+00
    outer loop
      vertex -2.426268e-01 2.659512e+01 1.635000e+00
      vertex -5.014349e+00 2.500213e+01 1.635000e+00
      vertex -2.714212e+01 3.165000e+01 1.635000e+00
    endloop
  endfacet
  facet normal -0.000000e+00 -0.000000e+00 -1.000000e+00
    outer loop
      vertex -6.707487e-01 2.636668e+01 1.635000e+00
      vertex -5.014349e+00 2.500213e+01 1.635000e+00
      vertex -2.426268e-01 2.659512e+01 1.635000e+00
    endloop
  endfacet
  facet normal -0.000000e+00 -0.000000e+00 -1.000000e+00
    outer loop
      vertex 2.426268e-01 2.659512e+01 1.635000e+00
      vertex 2.835000e+01 3.285788e+01 1.635000e+00
      vertex 2.714212e+01 3.165000e+01 1.635000e+00
    endloop
  endfacet
  facet normal -0.000000e+00 -0.000000e+00 -1.000000e+00
    outer loop
      vertex 2.426268e-01 2.659512e+01 1.635000e+00
      vertex 4.000000e+01 4.000000e+01 1.635000e+00
      vertex 2.835000e+01 3.285788e+01 1.635000e+00
    endloop
  endfacet
  facet normal -0.000000e+00 -0.000000e+00 -1.000000e+00
    outer loop
      vertex -2.426268e-01 2.659512e+01 1.635000e+00
      vertex 4.000000e+01 4.000000e+01 1.635000e+00
      vertex 2.426268e-01 2.659512e+01 1.635000e+00
    endloop
  endfacet
  facet normal -0.000000e+00 -0.000000e+00 -1.000000e+00
    outer loop
      vertex -2.426268e-01 2.659512e+01 1.635000e+00
      vertex -4.000000e+01 4.000000e+01 1.635000e+00
      vertex 4.000000e+01 4.000000e+01 1.635000e+00
    endloop
  endfacet
  facet normal -0.000000e+00 -0.000000e+00 -1.000000e+00
    outer loop
      vertex -2.835000e+01 3.285788e+01 1.635000e+00
      vertex -4.000000e+01 4.000000e+01 1.635000e+00
      vertex -2.426268e-01 2.659512e+01 1.635000e+00
    endloop
  endfacet
  facet normal -0.000000e+00 -0.000000e+00 -1.000000e+00
    outer loop
      vertex 5.014349e+00 2.500213e+01 1.635000e+00
      vertex 9.409288e-01 2.596360e+01 1.635000e+00
      vertex 6.707487e-01 2.636668e+01 1.635000e+00
    endloop
  endfacet
  facet normal -0.000000e+00 -0.000000e+00 -1.000000e+00
    outer loop
      vertex 9.895475e-01 2.548079e+01 1.635000e+00
      vertex 9.409288e-01 2.596360e+01 1.635000e+00
      vertex 5.014349e+00 2.500213e+01 1.635000e+00
    endloop
  endfacet
  facet normal -0.000000e+00 -0.000000e+00 -1.000000e+00
    outer loop
      vertex 2.426268e-01 2.659512e+01 1.635000e+00
      vertex 5.014349e+00 2.500213e+01 1.635000e+00
      vertex 6.707487e-01 2.636668e+01 1.635000e+00
    endloop
  endfacet
  facet normal -0.000000e+00 -0.000000e+00 -1.000000e+00
    outer loop
      vertex 2.714212e+01 3.165000e+01 1.635000e+00
      vertex 5.014349e+00 2.500213e+01 1.635000e+00
      vertex 2.426268e-01 2.659512e+01 1.635000e+00
    endloop
  endfacet
  facet normal -0.000000e+00 -0.000000e+00 -1.000000e+00
    outer loop
      vertex 2.714212e+01 3.165000e+01 1.635000e+00
      vertex 8.912467e+00 2.389180e+01 1.635000e+00
      vertex 5.014349e+00 2.500213e+01 1.635000e+00
    endloop
  endfacet
  facet normal -0.000000e+00 -0.000000e+00 -1.000000e+00
    outer loop
      vertex 1.877855e+01 2.257217e+01 1.635000e+00
      vertex 8.912467e+00 2.389180e+01 1.635000e+00
      vertex 2.714212e+01 3.165000e+01 1.635000e+00
    endloop
  endfacet
  facet normal -0.000000e+00 -0.000000e+00 -1.000000e+00
    outer loop
      vertex 1.320382e+01 2.217786e+01 1.635000e+00
      vertex 8.912467e+00 2.389180e+01 1.635000e+00
      vertex 1.877855e+01 2.257217e+01 1.635000e+00
    endloop
  endfacet
  facet normal -0.000000e+00 -0.000000e+00 -1.000000e+00
    outer loop
      vertex 1.258542e+01 2.217786e+01 1.635000e+00
      vertex 8.912467e+00 2.389180e+01 1.635000e+00
      vertex 1.320382e+01 2.217786e+01 1.635000e+00
    endloop
  endfacet
  facet normal -9.929897e-01 9.141757e-02 0.000000e+00
    outer loop
      vertex 2.500213e+01 -5.014349e+00 1.635000e+00
      vertex 2.548079e+01 -9.895475e-01 5.635000e+00
      vertex 2.548079e+01 -9.895475e-01 1.635000e+00
    endloop
  endfacet
  facet normal -9.820787e-01 1.640207e-01 0.000000e+00
    outer loop
      vertex 2.464610e+01 -6.543683e+00 5.635000e+00
      vertex 2.548079e+01 -9.895475e-01 5.635000e+00
      vertex 2.500213e+01 -5.014349e+00 1.635000e+00
    endloop
  endfacet
  facet normal -9.613075e-01 2.675882e-01 -0.000000e+00
    outer loop
      vertex 2.389180e+01 -8.912467e+00 1.635000e+00
      vertex 2.464610e+01 -6.543683e+00 5.635000e+00
      vertex 2.500213e+01 -5.014349e+00 1.635000e+00
    endloop
  endfacet
  facet normal -9.301133e-01 3.560329e-01 0.000000e+00
    outer loop
      vertex 2.261577e+01 -1.178037e+01 5.635000e+00
      vertex 2.464610e+01 -6.543683e+00 5.635000e+00
      vertex 2.389180e+01 -8.912467e+00 1.635000e+00
    endloop
  endfacet
  facet normal -8.921242e-01 4.455334e-01 0.000000e+00
    outer loop
      vertex 2.217786e+01 -1.258542e+01 4.635000e+00
      vertex 2.389180e+01 -8.912467e+00 1.635000e+00
      vertex 2.217786e+01 -1.258542e+01 1.635000e+00
    endloop
  endfacet
  facet normal -8.978486e-01 4.350098e-01 0.000000e+00
    outer loop
      vertex 2.217786e+01 -1.258542e+01 4.635000e+00
      vertex 2.261577e+01 -1.178037e+01 5.635000e+00
      vertex 2.389180e+01 -8.912467e+00 1.635000e+00
    endloop
  endfacet
  facet normal -8.402864e-01 5.334817e-01 0.000000e+00
    outer loop
      vertex 1.948829e+01 -1.644556e+01 5.635000e+00
      vertex 2.261577e+01 -1.178037e+01 5.635000e+00
      vertex 2.217786e+01 -1.258542e+01 4.635000e+00
    endloop
  endfacet
  facet normal -8.005340e-01 5.931188e-01 0.000000e+00
    outer loop
      vertex 1.957471e+01 -1.634261e+01 4.635000e+00
      vertex 1.948829e+01 -1.644556e+01 5.635000e+00
      vertex 2.217786e+01 -1.258542e+01 4.635000e+00
    endloop
  endfacet
  facet normal -7.242563e-01 6.844821e-01 0.000000e+00
    outer loop
      vertex 1.634261e+01 -1.957471e+01 4.635000e+00
      vertex 1.948829e+01 -1.644556e+01 5.635000e+00
      vertex 1.957471e+01 -1.634261e+01 4.635000e+00
    endloop
  endfacet
  facet normal -6.698862e-01 7.363818e-01 0.000000e+00
    outer loop
      vertex 1.634261e+01 -1.957471e+01 4.635000e+00
      vertex 1.541539e+01 -2.031294e+01 5.635000e+00
      vertex 1.948829e+01 -1.644556e+01 5.635000e+00
    endloop
  endfacet
  facet normal -5.796526e-01 8.113138e-01 0.000000e+00
    outer loop
      vertex 1.258542e+01 -2.217786e+01 4.635000e+00
      vertex 1.541539e+01 -2.031294e+01 5.635000e+00
      vertex 1.634261e+01 -1.957471e+01 4.635000e+00
    endloop
  endfacet
  facet normal -5.045159e-01 8.586366e-01 0.000000e+00
    outer loop
      vertex 1.258542e+01 -2.217786e+01 4.635000e+00
      vertex 1.059466e+01 -2.319489e+01 5.635000e+00
      vertex 1.541539e+01 -2.031294e+01 5.635000e+00
    endloop
  endfacet
  facet normal -4.675228e-01 8.830144e-01 0.000000e+00
    outer loop
      vertex 1.258542e+01 -2.217786e+01 1.635000e+00
      vertex 1.059466e+01 -2.319489e+01 5.635000e+00
      vertex 1.258542e+01 -2.217786e+01 4.635000e+00
    endloop
  endfacet
  facet normal -4.045976e-01 9.105831e-01 -0.000000e+00
    outer loop
      vertex 7.771641e+00 -2.428686e+01 1.635000e+00
      vertex 1.059466e+01 -2.319489e+01 5.635000e+00
      vertex 1.258542e+01 -2.217786e+01 1.635000e+00
    endloop
  endfacet
  facet normal -3.088399e-01 9.468414e-01 0.000000e+00
    outer loop
      vertex 5.259955e+00 -2.495161e+01 5.635000e+00
      vertex 1.059466e+01 -2.319489e+01 5.635000e+00
      vertex 7.771641e+00 -2.428686e+01 1.635000e+00
    endloop
  endfacet
  facet normal -2.046974e-01 9.751989e-01 0.000000e+00
    outer loop
      vertex 2.627753e+00 -2.536424e+01 1.635000e+00
      vertex 5.259955e+00 -2.495161e+01 5.635000e+00
      vertex 7.771641e+00 -2.428686e+01 1.635000e+00
    endloop
  endfacet
  facet normal -9.879458e-02 9.910290e-01 0.000000e+00
    outer loop
      vertex -3.299228e-01 -2.549787e+01 5.635000e+00
      vertex 5.259955e+00 -2.495161e+01 5.635000e+00
      vertex 2.627753e+00 -2.536424e+01 1.635000e+00
    endloop
  endfacet
  facet normal 4.312716e-03 9.964230e-01 -0.000000e+00
    outer loop
      vertex -2.627753e+00 -2.536424e+01 1.635000e+00
      vertex -3.299228e-01 -2.549787e+01 5.635000e+00
      vertex 2.627753e+00 -2.536424e+01 1.635000e+00
    endloop
  endfacet
  facet normal 1.158362e-01 9.891408e-01 -0.000000e+00
    outer loop
      vertex -5.903795e+00 -2.480716e+01 5.635000e+00
      vertex -3.299228e-01 -2.549787e+01 5.635000e+00
      vertex -2.627753e+00 -2.536424e+01 1.635000e+00
    endloop
  endfacet
  facet normal 2.131136e-01 9.733107e-01 -0.000000e+00
    outer loop
      vertex -7.771641e+00 -2.428686e+01 1.635000e+00
      vertex -5.903795e+00 -2.480716e+01 5.635000e+00
      vertex -2.627753e+00 -2.536424e+01 1.635000e+00
    endloop
  endfacet
  facet normal 3.250549e-01 9.412683e-01 -0.000000e+00
    outer loop
      vertex -1.119126e+01 -2.291300e+01 5.635000e+00
      vertex -5.903795e+00 -2.480716e+01 5.635000e+00
      vertex -7.771641e+00 -2.428686e+01 1.635000e+00
    endloop
  endfacet
  facet normal 4.123963e-01 9.068983e-01 -0.000000e+00
    outer loop
      vertex -1.258542e+01 -2.217786e+01 1.635000e+00
      vertex -1.119126e+01 -2.291300e+01 5.635000e+00
      vertex -7.771641e+00 -2.428686e+01 1.635000e+00
    endloop
  endfacet
  facet normal 4.753215e-01 8.793296e-01 -0.000000e+00
    outer loop
      vertex -1.258542e+01 -2.217786e+01 4.635000e+00
      vertex -1.119126e+01 -2.291300e+01 5.635000e+00
      vertex -1.258542e+01 -2.217786e+01 1.635000e+00
    endloop
  endfacet
  facet normal 5.191175e-01 8.496489e-01 -0.000000e+00
    outer loop
      vertex -1.258542e+01 -2.217786e+01 4.635000e+00
      vertex -1.593581e+01 -1.990728e+01 5.635000e+00
      vertex -1.119126e+01 -2.291300e+01 5.635000e+00
    endloop
  endfacet
  facet normal 5.864554e-01 8.060110e-01 -0.000000e+00
    outer loop
      vertex -1.634261e+01 -1.957471e+01 4.635000e+00
      vertex -1.593581e+01 -1.990728e+01 5.635000e+00
      vertex -1.258542e+01 -2.217786e+01 4.635000e+00
    endloop
  endfacet
  facet normal 6.778186e-01 7.297333e-01 -0.000000e+00
    outer loop
      vertex -1.957471e+01 -1.634261e+01 4.635000e+00
      vertex -1.593581e+01 -1.990728e+01 5.635000e+00
      vertex -1.634261e+01 -1.957471e+01 4.635000e+00
    endloop
  endfacet
  facet normal 7.244157e-01 6.821661e-01 -0.000000e+00
    outer loop
      vertex -1.990728e+01 -1.593581e+01 5.635000e+00
      vertex -1.593581e+01 -1.990728e+01 5.635000e+00
      vertex -1.957471e+01 -1.634261e+01 4.635000e+00
    endloop
  endfacet
  facet normal 8.060110e-01 5.864554e-01 -0.000000e+00
    outer loop
      vertex -2.217786e+01 -1.258542e+01 4.635000e+00
      vertex -1.990728e+01 -1.593581e+01 5.635000e+00
      vertex -1.957471e+01 -1.634261e+01 4.635000e+00
    endloop
  endfacet
  facet normal 8.496489e-01 5.191175e-01 -0.000000e+00
    outer loop
      vertex -2.291300e+01 -1.119126e+01 5.635000e+00
      vertex -1.990728e+01 -1.593581e+01 5.635000e+00
      vertex -2.217786e+01 -1.258542e+01 4.635000e+00
    endloop
  endfacet
  facet normal 8.972885e-01 4.306206e-01 -0.000000e+00
    outer loop
      vertex -2.428686e+01 -7.771641e+00 1.635000e+00
      vertex -2.217786e+01 -1.258542e+01 4.635000e+00
      vertex -2.217786e+01 -1.258542e+01 1.635000e+00
    endloop
  endfacet
  facet normal 9.068983e-01 4.123963e-01 -0.000000e+00
    outer loop
      vertex -2.428686e+01 -7.771641e+00 1.635000e+00
      vertex -2.291300e+01 -1.119126e+01 5.635000e+00
      vertex -2.217786e+01 -1.258542e+01 4.635000e+00
    endloop
  endfacet
  facet normal 9.412683e-01 3.250549e-01 -0.000000e+00
    outer loop
      vertex -2.480716e+01 -5.903795e+00 5.635000e+00
      vertex -2.291300e+01 -1.119126e+01 5.635000e+00
      vertex -2.428686e+01 -7.771641e+00 1.635000e+00
    endloop
  endfacet
  facet normal 9.733107e-01 2.131136e-01 -0.000000e+00
    outer loop
      vertex -2.536424e+01 -2.627753e+00 1.635000e+00
      vertex -2.480716e+01 -5.903795e+00 5.635000e+00
      vertex -2.428686e+01 -7.771641e+00 1.635000e+00
    endloop
  endfacet
  facet normal 9.891408e-01 1.158362e-01 -0.000000e+00
    outer loop
      vertex -2.549787e+01 -3.299228e-01 5.635000e+00
      vertex -2.480716e+01 -5.903795e+00 5.635000e+00
      vertex -2.536424e+01 -2.627753e+00 1.635000e+00
    endloop
  endfacet
  facet normal 9.981976e-01 3.866243e-02 -0.000000e+00
    outer loop
      vertex -2.550000e+01 3.122849e-15 1.635000e+00
      vertex -2.549787e+01 -3.299228e-01 5.635000e+00
      vertex -2.536424e+01 -2.627753e+00 1.635000e+00
    endloop
  endfacet
  facet normal 9.999721e-01 4.312716e-03 0.000000e+00
    outer loop
      vertex -2.550000e+01 -3.122849e-15 5.635000e+00
      vertex -2.549787e+01 -3.299228e-01 5.635000e+00
      vertex -2.550000e+01 3.122849e-15 1.635000e+00
    endloop
  endfacet
  facet normal 9.982255e-01 -3.434971e-02 0.000000e+00
    outer loop
      vertex -2.536424e+01 2.627753e+00 1.635000e+00
      vertex -2.550000e+01 -3.122849e-15 5.635000e+00
      vertex -2.550000e+01 3.122849e-15 1.635000e+00
    endloop
  endfacet
  facet normal 9.910569e-01 -1.031073e-01 0.000000e+00
    outer loop
      vertex -2.495161e+01 5.259955e+00 5.635000e+00
      vertex -2.550000e+01 -3.122849e-15 5.635000e+00
      vertex -2.536424e+01 2.627753e+00 1.635000e+00
    endloop
  endfacet
  facet normal 9.751989e-01 -2.046974e-01 -0.000000e+00
    outer loop
      vertex -2.428686e+01 7.771641e+00 1.635000e+00
      vertex -2.495161e+01 5.259955e+00 5.635000e+00
      vertex -2.536424e+01 2.627753e+00 1.635000e+00
    endloop
  endfacet
  facet normal 9.468414e-01 -3.088399e-01 0.000000e+00
    outer loop
      vertex -2.319489e+01 1.059466e+01 5.635000e+00
      vertex -2.495161e+01 5.259955e+00 5.635000e+00
      vertex -2.428686e+01 7.771641e+00 1.635000e+00
    endloop
  endfacet
  facet normal 5.931188e-01 -8.005340e-01 -0.000000e+00
    outer loop
      vertex -1.644556e+01 1.948829e+01 5.635000e+00
      vertex -1.634261e+01 1.957471e+01 4.635000e+00
      vertex -1.258542e+01 2.217786e+01 4.635000e+00
    endloop
  endfacet
  facet normal 6.844821e-01 -7.242563e-01 -0.000000e+00
    outer loop
      vertex -1.644556e+01 1.948829e+01 5.635000e+00
      vertex -1.957471e+01 1.634261e+01 4.635000e+00
      vertex -1.634261e+01 1.957471e+01 4.635000e+00
    endloop
  endfacet
  facet normal 7.363818e-01 -6.698862e-01 -0.000000e+00
    outer loop
      vertex -2.031294e+01 1.541539e+01 5.635000e+00
      vertex -1.957471e+01 1.634261e+01 4.635000e+00
      vertex -1.644556e+01 1.948829e+01 5.635000e+00
    endloop
  endfacet
  facet normal 8.113138e-01 -5.796526e-01 0.000000e+00
    outer loop
      vertex -2.031294e+01 1.541539e+01 5.635000e+00
      vertex -2.217786e+01 1.258542e+01 4.635000e+00
      vertex -1.957471e+01 1.634261e+01 4.635000e+00
    endloop
  endfacet
  facet normal 8.586366e-01 -5.045159e-01 0.000000e+00
    outer loop
      vertex -2.319489e+01 1.059466e+01 5.635000e+00
      vertex -2.217786e+01 1.258542e+01 4.635000e+00
      vertex -2.031294e+01 1.541539e+01 5.635000e+00
    endloop
  endfacet
  facet normal 8.830144e-01 -4.675228e-01 0.000000e+00
    outer loop
      vertex -2.319489e+01 1.059466e+01 5.635000e+00
      vertex -2.217786e+01 1.258542e+01 1.635000e+00
      vertex -2.217786e+01 1.258542e+01 4.635000e+00
    endloop
  endfacet
  facet normal 9.105832e-01 -4.045976e-01 0.000000e+00
    outer loop
      vertex -2.428686e+01 7.771641e+00 1.635000e+00
      vertex -2.217786e+01 1.258542e+01 1.635000e+00
      vertex -2.319489e+01 1.059466e+01 5.635000e+00
    endloop
  endfacet
  facet normal 9.141757e-02 -9.929897e-01 0.000000e+00
    outer loop
      vertex -9.895475e-01 2.548079e+01 5.635000e+00
      vertex -5.014349e+00 2.500213e+01 1.635000e+00
      vertex -9.895475e-01 2.548079e+01 1.635000e+00
    endloop
  endfacet
  facet normal 1.640207e-01 -9.820787e-01 0.000000e+00
    outer loop
      vertex -6.543683e+00 2.464610e+01 5.635000e+00
      vertex -5.014349e+00 2.500213e+01 1.635000e+00
      vertex -9.895475e-01 2.548079e+01 5.635000e+00
    endloop
  endfacet
  facet normal 2.675882e-01 -9.613075e-01 0.000000e+00
    outer loop
      vertex -6.543683e+00 2.464610e+01 5.635000e+00
      vertex -8.912467e+00 2.389180e+01 1.635000e+00
      vertex -5.014349e+00 2.500213e+01 1.635000e+00
    endloop
  endfacet
  facet normal 3.560329e-01 -9.301133e-01 0.000000e+00
    outer loop
      vertex -1.178037e+01 2.261577e+01 5.635000e+00
      vertex -8.912467e+00 2.389180e+01 1.635000e+00
      vertex -6.543683e+00 2.464610e+01 5.635000e+00
    endloop
  endfacet
  facet normal 5.334817e-01 -8.402864e-01 0.000000e+00
    outer loop
      vertex -1.258542e+01 2.217786e+01 4.635000e+00
      vertex -1.178037e+01 2.261577e+01 5.635000e+00
      vertex -1.644556e+01 1.948829e+01 5.635000e+00
    endloop
  endfacet
  facet normal 4.350098e-01 -8.978486e-01 0.000000e+00
    outer loop
      vertex -1.258542e+01 2.217786e+01 4.635000e+00
      vertex -8.912467e+00 2.389180e+01 1.635000e+00
      vertex -1.178037e+01 2.261577e+01 5.635000e+00
    endloop
  endfacet
  facet normal 4.455334e-01 -8.921242e-01 -0.000000e+00
    outer loop
      vertex -1.258542e+01 2.217786e+01 1.635000e+00
      vertex -8.912467e+00 2.389180e+01 1.635000e+00
      vertex -1.258542e+01 2.217786e+01 4.635000e+00
    endloop
  endfacet
  facet normal -9.141757e-02 -9.929897e-01 -0.000000e+00
    outer loop
      vertex 5.014349e+00 2.500213e+01 1.635000e+00
      vertex 9.895475e-01 2.548079e+01 5.635000e+00
      vertex 9.895475e-01 2.548079e+01 1.635000e+00
    endloop
  endfacet
  facet normal -1.616364e-01 -9.827023e-01 -0.000000e+00
    outer loop
      vertex 5.014349e+00 2.500213e+01 1.635000e+00
      vertex 6.361286e+00 2.469381e+01 5.635000e+00
      vertex 9.895475e-01 2.548079e+01 5.635000e+00
    endloop
  endfacet
  facet normal -2.652040e-01 -9.619310e-01 -0.000000e+00
    outer loop
      vertex 8.912467e+00 2.389180e+01 1.635000e+00
      vertex 6.361286e+00 2.469381e+01 5.635000e+00
      vertex 5.014349e+00 2.500213e+01 1.635000e+00
    endloop
  endfacet
  facet normal -8.921242e-01 -4.455334e-01 -0.000000e+00
    outer loop
      vertex 2.217786e+01 1.258542e+01 4.635000e+00
      vertex 2.217786e+01 1.258542e+01 1.635000e+00
      vertex 2.389180e+01 8.912467e+00 1.635000e+00
    endloop
  endfacet
  facet normal -9.929897e-01 -9.141757e-02 0.000000e+00
    outer loop
      vertex 2.548079e+01 9.895475e-01 5.635000e+00
      vertex 2.500213e+01 5.014349e+00 1.635000e+00
      vertex 2.548079e+01 9.895475e-01 1.635000e+00
    endloop
  endfacet
  facet normal -9.827023e-01 -1.616364e-01 0.000000e+00
    outer loop
      vertex 2.469381e+01 6.361286e+00 5.635000e+00
      vertex 2.500213e+01 5.014349e+00 1.635000e+00
      vertex 2.548079e+01 9.895475e-01 5.635000e+00
    endloop
  endfacet
  facet normal -9.619310e-01 -2.652040e-01 0.000000e+00
    outer loop
      vertex 2.469381e+01 6.361286e+00 5.635000e+00
      vertex 2.389180e+01 8.912467e+00 1.635000e+00
      vertex 2.500213e+01 5.014349e+00 1.635000e+00
    endloop
  endfacet
  facet normal -9.329815e-01 -3.492605e-01 0.000000e+00
    outer loop
      vertex 2.278748e+01 1.144468e+01 5.635000e+00
      vertex 2.389180e+01 8.912467e+00 1.635000e+00
      vertex 2.469381e+01 6.361286e+00 5.635000e+00
    endloop
  endfacet
  facet normal -9.000933e-01 -4.306217e-01 0.000000e+00
    outer loop
      vertex 2.278748e+01 1.144468e+01 5.635000e+00
      vertex 2.217786e+01 1.258542e+01 4.635000e+00
      vertex 2.389180e+01 8.912467e+00 1.635000e+00
    endloop
  endfacet
  facet normal -8.472363e-01 -5.233907e-01 0.000000e+00
    outer loop
      vertex 1.984824e+01 1.600930e+01 5.635000e+00
      vertex 2.217786e+01 1.258542e+01 4.635000e+00
      vertex 2.278748e+01 1.144468e+01 5.635000e+00
    endloop
  endfacet
  facet normal -8.052391e-01 -5.874160e-01 -0.000000e+00
    outer loop
      vertex 1.984824e+01 1.600930e+01 5.635000e+00
      vertex 1.957471e+01 1.634261e+01 4.635000e+00
      vertex 2.217786e+01 1.258542e+01 4.635000e+00
    endloop
  endfacet
  facet normal -7.246044e-01 -6.823547e-01 -0.000000e+00
    outer loop
      vertex 1.600930e+01 1.984824e+01 5.635000e+00
      vertex 1.957471e+01 1.634261e+01 4.635000e+00
      vertex 1.984824e+01 1.600930e+01 5.635000e+00
    endloop
  endfacet
  facet normal -6.787792e-01 -7.289615e-01 0.000000e+00
    outer loop
      vertex 1.600930e+01 1.984824e+01 5.635000e+00
      vertex 1.634261e+01 1.957471e+01 4.635000e+00
      vertex 1.957471e+01 1.634261e+01 4.635000e+00
    endloop
  endfacet
  facet normal -5.874160e-01 -8.052392e-01 0.000000e+00
    outer loop
      vertex 1.600930e+01 1.984824e+01 5.635000e+00
      vertex 1.258542e+01 2.217786e+01 4.635000e+00
      vertex 1.634261e+01 1.957471e+01 4.635000e+00
    endloop
  endfacet
  facet normal -5.233907e-01 -8.472363e-01 0.000000e+00
    outer loop
      vertex 1.144468e+01 2.278748e+01 5.635000e+00
      vertex 1.258542e+01 2.217786e+01 4.635000e+00
      vertex 1.600930e+01 1.984824e+01 5.635000e+00
    endloop
  endfacet
  facet normal -3.492605e-01 -9.329815e-01 0.000000e+00
    outer loop
      vertex 8.912467e+00 2.389180e+01 1.635000e+00
      vertex 1.144468e+01 2.278748e+01 5.635000e+00
      vertex 6.361286e+00 2.469381e+01 5.635000e+00
    endloop
  endfacet
  facet normal -4.306217e-01 -9.000933e-01 0.000000e+00
    outer loop
      vertex 8.912467e+00 2.389180e+01 1.635000e+00
      vertex 1.258542e+01 2.217786e+01 4.635000e+00
      vertex 1.144468e+01 2.278748e+01 5.635000e+00
    endloop
  endfacet
  facet normal -4.455334e-01 -8.921242e-01 0.000000e+00
    outer loop
      vertex 1.258542e+01 2.217786e+01 1.635000e+00
      vertex 1.258542e+01 2.217786e+01 4.635000e+00
      vertex 8.912467e+00 2.389180e+01 1.635000e+00
    endloop
  endfacet
  facet normal 1.000000e+00 -0.000000e+00 -0.000000e+00
    outer loop
      vertex 4.000000e+01 -4.000000e+01 5.635000e+00
      vertex 4.000000e+01 -4.000000e+01 1.635000e+00
      vertex 4.000000e+01 4.000000e+01 1.635000e+00
    endloop
  endfacet
  facet normal 1.000000e+00 -0.000000e+00 -0.000000e+00
    outer loop
      vertex 4.000000e+01 -4.000000e+01 5.635000e+00
      vertex 4.000000e+01 4.000000e+01 1.635000e+00
      vertex 4.000000e+01 4.000000e+01 5.635000e+00
    endloop
  endfacet
  facet normal -0.000000e+00 1.000000e+00 -0.000000e+00
    outer loop
      vertex 4.000000e+01 4.000000e+01 5.635000e+00
      vertex 4.000000e+01 4.000000e+01 1.635000e+00
      vertex -4.000000e+01 4.000000e+01 1.635000e+00
    endloop
  endfacet
  facet normal -0.000000e+00 1.000000e+00 -0.000000e+00
    outer loop
      vertex 4.000000e+01 4.000000e+01 5.635000e+00
      vertex -4.000000e+01 4.000000e+01 1.635000e+00
      vertex -4.000000e+01 4.000000e+01 5.635000e+00
    endloop
  endfacet
  facet normal -1.000000e+00 -0.000000e+00 -0.000000e+00
    outer loop
      vertex -4.000000e+01 4.000000e+01 5.635000e+00
      vertex -4.000000e+01 4.000000e+01 1.635000e+00
      vertex -4.000000e+01 -4.000000e+01 1.635000e+00
    endloop
  endfacet
  facet normal -1.000000e+00 -0.000000e+00 -0.000000e+00
    outer loop
      vertex -4.000000e+01 4.000000e+01 5.635000e+00
      vertex -4.000000e+01 -4.000000e+01 1.635000e+00
      vertex -4.000000e+01 -4.000000e+01 5.635000e+00
    endloop
  endfacet
  facet normal -0.000000e+00 -1.000000e+00 -0.000000e+00
    outer loop
      vertex -4.000000e+01 -4.000000e+01 5.635000e+00
      vertex -4.000000e+01 -4.000000e+01 1.635000e+00
      vertex 4.000000e+01 -4.000000e+01 1.635000e+00
    endloop
  endfacet
  facet normal -0.000000e+00 -1.000000e+00 -0.000000e+00
    outer loop
      vertex -4.000000e+01 -4.000000e+01 5.635000e+00
      vertex 4.000000e+01 -4.000000e+01 1.635000e+00
      vertex 4.000000e+01 -4.000000e+01 5.635000e+00
    endloop
  endfacet
  facet normal -9.975078e-01 -7.055613e-02 -0.000000e+00
    outer loop
      vertex 2.217786e+01 -1.320382e+01 1.635000e+00
      vertex 2.257217e+01 -1.877855e+01 1.635000e+00
      vertex 2.257217e+01 -1.877855e+01 4.635000e+00
    endloop
  endfacet
  facet normal -9.975078e-01 -7.055613e-02 -0.000000e+00
    outer loop
      vertex 2.217786e+01 -1.320382e+01 1.635000e+00
      vertex 2.257217e+01 -1.877855e+01 4.635000e+00
      vertex 2.217786e+01 -1.320382e+01 4.635000e+00
    endloop
  endfacet
  facet normal -1.000000e+00 0.000000e+00 -0.000000e+00
    outer loop
      vertex 2.257217e+01 -1.877855e+01 1.635000e+00
      vertex 2.257217e+01 -1.977855e+01 1.635000e+00
      vertex 2.257217e+01 -1.977855e+01 4.635000e+00
    endloop
  endfacet
  facet normal -1.000000e+00 0.000000e+00 -0.000000e+00
    outer loop
      vertex 2.257217e+01 -1.877855e+01 1.635000e+00
      vertex 2.257217e+01 -1.977855e+01 4.635000e+00
      vertex 2.257217e+01 -1.877855e+01 4.635000e+00
    endloop
  endfacet
  facet normal -9.955620e-01 -9.410831e-02 -0.000000e+00
    outer loop
      vertex 2.257217e+01 -1.977855e+01 1.635000e+00
      vertex 2.258695e+01 -1.993491e+01 1.635000e+00
      vertex 2.258695e+01 -1.993491e+01 4.635000e+00
    endloop
  endfacet
  facet normal -9.955620e-01 -9.410831e-02 -0.000000e+00
    outer loop
      vertex 2.257217e+01 -1.977855e+01 1.635000e+00
      vertex 2.258695e+01 -1.993491e+01 4.635000e+00
      vertex 2.257217e+01 -1.977855e+01 4.635000e+00
    endloop
  endfacet
  facet normal -9.995065e-01 -3.141076e-02 -0.000000e+00
    outer loop
      vertex 2.258695e+01 -1.993491e+01 1.635000e+00
      vertex 2.259188e+01 -2.009188e+01 1.635000e+00
      vertex 2.259188e+01 -2.009188e+01 4.635000e+00
    endloop
  endfacet
  facet normal -9.995065e-01 -3.141076e-02 -0.000000e+00
    outer loop
      vertex 2.258695e+01 -1.993491e+01 1.635000e+00
      vertex 2.259188e+01 -2.009188e+01 4.635000e+00
      vertex 2.258695e+01 -1.993491e+01 4.635000e+00
    endloop
  endfacet
  facet normal -9.995065e-01 3.141076e-02 -0.000000e+00
    outer loop
      vertex 2.259188e+01 -2.009188e+01 1.635000e+00
      vertex 2.258695e+01 -2.024886e+01 1.635000e+00
      vertex 2.258695e+01 -2.024886e+01 4.635000e+00
    endloop
  endfacet
  facet normal -9.995065e-01 3.141076e-02 -0.000000e+00
    outer loop
      vertex 2.259188e+01 -2.009188e+01 1.635000e+00
      vertex 2.258695e+01 -2.024886e+01 4.635000e+00
      vertex 2.259188e+01 -2.009188e+01 4.635000e+00
    endloop
  endfacet
  facet normal -9.955620e-01 9.410831e-02 -0.000000e+00
    outer loop
      vertex 2.258695e+01 -2.024886e+01 1.635000e+00
      vertex 2.257217e+01 -2.040522e+01 1.635000e+00
      vertex 2.257217e+01 -2.040522e+01 4.635000e+00
    endloop
  endfacet
  facet normal -9.955620e-01 9.410831e-02 -0.000000e+00
    outer loop
      vertex 2.258695e+01 -2.024886e+01 1.635000e+00
      vertex 2.257217e+01 -2.040522e+01 4.635000e+00
      vertex 2.258695e+01 -2.024886e+01 4.635000e+00
    endloop
  endfacet
  facet normal -9.876884e-01 1.564345e-01 -0.000000e+00
    outer loop
      vertex 2.257217e+01 -2.040522e+01 1.635000e+00
      vertex 2.254760e+01 -2.056034e+01 1.635000e+00
      vertex 2.254760e+01 -2.056034e+01 4.635000e+00
    endloop
  endfacet
  facet normal -9.876884e-01 1.564345e-01 -0.000000e+00
    outer loop
      vertex 2.257217e+01 -2.040522e+01 1.635000e+00
      vertex 2.254760e+01 -2.056034e+01 4.635000e+00
      vertex 2.257217e+01 -2.040522e+01 4.635000e+00
    endloop
  endfacet
  facet normal -9.759167e-01 2.181432e-01 -0.000000e+00
    outer loop
      vertex 2.254760e+01 -2.056034e+01 1.635000e+00
      vertex 2.251334e+01 -2.071361e+01 1.635000e+00
      vertex 2.251334e+01 -2.071361e+01 4.635000e+00
    endloop
  endfacet
  facet normal -9.759167e-01 2.181432e-01 -0.000000e+00
    outer loop
      vertex 2.254760e+01 -2.056034e+01 1.635000e+00
      vertex 2.251334e+01 -2.071361e+01 4.635000e+00
      vertex 2.254760e+01 -2.056034e+01 4.635000e+00
    endloop
  endfacet
  facet normal -9.602937e-01 2.789911e-01 -0.000000e+00
    outer loop
      vertex 2.251334e+01 -2.071361e+01 1.635000e+00
      vertex 2.246952e+01 -2.086443e+01 1.635000e+00
      vertex 2.246952e+01 -2.086443e+01 4.635000e+00
    endloop
  endfacet
  facet normal -9.602937e-01 2.789911e-01 -0.000000e+00
    outer loop
      vertex 2.251334e+01 -2.071361e+01 1.635000e+00
      vertex 2.246952e+01 -2.086443e+01 4.635000e+00
      vertex 2.251334e+01 -2.071361e+01 4.635000e+00
    endloop
  endfacet
  facet normal -9.408808e-01 3.387379e-01 -0.000000e+00
    outer loop
      vertex 2.246952e+01 -2.086443e+01 1.635000e+00
      vertex 2.241632e+01 -2.101219e+01 1.635000e+00
      vertex 2.241632e+01 -2.101219e+01 4.635000e+00
    endloop
  endfacet
  facet normal -9.408808e-01 3.387379e-01 -0.000000e+00
    outer loop
      vertex 2.246952e+01 -2.086443e+01 1.635000e+00
      vertex 2.241632e+01 -2.101219e+01 4.635000e+00
      vertex 2.246952e+01 -2.086443e+01 4.635000e+00
    endloop
  endfacet
  facet normal -9.177547e-01 3.971479e-01 -0.000000e+00
    outer loop
      vertex 2.241632e+01 -2.101219e+01 1.635000e+00
      vertex 2.235395e+01 -2.115633e+01 1.635000e+00
      vertex 2.235395e+01 -2.115633e+01 4.635000e+00
    endloop
  endfacet
  facet normal -9.177547e-01 3.971479e-01 -0.000000e+00
    outer loop
      vertex 2.241632e+01 -2.101219e+01 1.635000e+00
      vertex 2.235395e+01 -2.115633e+01 4.635000e+00
      vertex 2.241632e+01 -2.101219e+01 4.635000e+00
    endloop
  endfacet
  facet normal -8.910065e-01 4.539905e-01 -0.000000e+00
    outer loop
      vertex 2.235395e+01 -2.115633e+01 1.635000e+00
      vertex 2.228265e+01 -2.129627e+01 1.635000e+00
      vertex 2.228265e+01 -2.129627e+01 4.635000e+00
    endloop
  endfacet
  facet normal -8.910065e-01 4.539905e-01 -0.000000e+00
    outer loop
      vertex 2.235395e+01 -2.115633e+01 1.635000e+00
      vertex 2.228265e+01 -2.129627e+01 4.635000e+00
      vertex 2.235395e+01 -2.115633e+01 4.635000e+00
    endloop
  endfacet
  facet normal -8.607420e-01 5.090414e-01 -0.000000e+00
    outer loop
      vertex 2.228265e+01 -2.129627e+01 1.635000e+00
      vertex 2.220270e+01 -2.143145e+01 1.635000e+00
      vertex 2.220270e+01 -2.143145e+01 4.635000e+00
    endloop
  endfacet
  facet normal -8.607420e-01 5.090414e-01 -0.000000e+00
    outer loop
      vertex 2.228265e+01 -2.129627e+01 1.635000e+00
      vertex 2.220270e+01 -2.143145e+01 4.635000e+00
      vertex 2.228265e+01 -2.129627e+01 4.635000e+00
    endloop
  endfacet
  facet normal -8.270805e-01 5.620834e-01 -0.000000e+00
    outer loop
      vertex 2.220270e+01 -2.143145e+01 1.635000e+00
      vertex 2.211443e+01 -2.156135e+01 1.635000e+00
      vertex 2.211443e+01 -2.156135e+01 4.635000e+00
    endloop
  endfacet
  facet normal -8.270805e-01 5.620834e-01 -0.000000e+00
    outer loop
      vertex 2.220270e+01 -2.143145e+01 1.635000e+00
      vertex 2.211443e+01 -2.156135e+01 4.635000e+00
      vertex 2.220270e+01 -2.143145e+01 4.635000e+00
    endloop
  endfacet
  facet normal -7.901550e-01 6.129071e-01 -0.000000e+00
    outer loop
      vertex 2.211443e+01 -2.156135e+01 1.635000e+00
      vertex 2.201817e+01 -2.168544e+01 1.635000e+00
      vertex 2.201817e+01 -2.168544e+01 4.635000e+00
    endloop
  endfacet
  facet normal -7.901550e-01 6.129071e-01 -0.000000e+00
    outer loop
      vertex 2.211443e+01 -2.156135e+01 1.635000e+00
      vertex 2.201817e+01 -2.168544e+01 4.635000e+00
      vertex 2.211443e+01 -2.156135e+01 4.635000e+00
    endloop
  endfacet
  facet normal -7.501110e-01 6.613119e-01 -0.000000e+00
    outer loop
      vertex 2.201817e+01 -2.168544e+01 1.635000e+00
      vertex 2.191430e+01 -2.180325e+01 1.635000e+00
      vertex 2.191430e+01 -2.180325e+01 4.635000e+00
    endloop
  endfacet
  facet normal -7.501110e-01 6.613119e-01 -0.000000e+00
    outer loop
      vertex 2.201817e+01 -2.168544e+01 1.635000e+00
      vertex 2.191430e+01 -2.180325e+01 4.635000e+00
      vertex 2.201817e+01 -2.168544e+01 4.635000e+00
    endloop
  endfacet
  facet normal -7.071068e-01 7.071068e-01 -0.000000e+00
    outer loop
      vertex 2.191430e+01 -2.180325e+01 1.635000e+00
      vertex 2.180325e+01 -2.191430e+01 1.635000e+00
      vertex 2.180325e+01 -2.191430e+01 4.635000e+00
    endloop
  endfacet
  facet normal -7.071068e-01 7.071068e-01 -0.000000e+00
    outer loop
      vertex 2.191430e+01 -2.180325e+01 1.635000e+00
      vertex 2.180325e+01 -2.191430e+01 4.635000e+00
      vertex 2.191430e+01 -2.180325e+01 4.635000e+00
    endloop
  endfacet
  facet normal -6.613119e-01 7.501110e-01 -0.000000e+00
    outer loop
      vertex 2.180325e+01 -2.191430e+01 1.635000e+00
      vertex 2.168544e+01 -2.201817e+01 1.635000e+00
      vertex 2.168544e+01 -2.201817e+01 4.635000e+00
    endloop
  endfacet
  facet normal -6.613119e-01 7.501110e-01 -0.000000e+00
    outer loop
      vertex 2.180325e+01 -2.191430e+01 1.635000e+00
      vertex 2.168544e+01 -2.201817e+01 4.635000e+00
      vertex 2.180325e+01 -2.191430e+01 4.635000e+00
    endloop
  endfacet
  facet normal -6.129071e-01 7.901550e-01 -0.000000e+00
    outer loop
      vertex 2.168544e+01 -2.201817e+01 1.635000e+00
      vertex 2.156135e+01 -2.211443e+01 1.635000e+00
      vertex 2.156135e+01 -2.211443e+01 4.635000e+00
    endloop
  endfacet
  facet normal -6.129071e-01 7.901550e-01 -0.000000e+00
    outer loop
      vertex 2.168544e+01 -2.201817e+01 1.635000e+00
      vertex 2.156135e+01 -2.211443e+01 4.635000e+00
      vertex 2.168544e+01 -2.201817e+01 4.635000e+00
    endloop
  endfacet
  facet normal -5.620834e-01 8.270805e-01 -0.000000e+00
    outer loop
      vertex 2.156135e+01 -2.211443e+01 1.635000e+00
      vertex 2.143145e+01 -2.220270e+01 1.635000e+00
      vertex 2.143145e+01 -2.220270e+01 4.635000e+00
    endloop
  endfacet
  facet normal -5.620834e-01 8.270805e-01 -0.000000e+00
    outer loop
      vertex 2.156135e+01 -2.211443e+01 1.635000e+00
      vertex 2.143145e+01 -2.220270e+01 4.635000e+00
      vertex 2.156135e+01 -2.211443e+01 4.635000e+00
    endloop
  endfacet
  facet normal -5.090414e-01 8.607420e-01 -0.000000e+00
    outer loop
      vertex 2.143145e+01 -2.220270e+01 1.635000e+00
      vertex 2.129627e+01 -2.228265e+01 1.635000e+00
      vertex 2.129627e+01 -2.228265e+01 4.635000e+00
    endloop
  endfacet
  facet normal -5.090414e-01 8.607420e-01 -0.000000e+00
    outer loop
      vertex 2.143145e+01 -2.220270e+01 1.635000e+00
      vertex 2.129627e+01 -2.228265e+01 4.635000e+00
      vertex 2.143145e+01 -2.220270e+01 4.635000e+00
    endloop
  endfacet
  facet normal -4.539905e-01 8.910065e-01 -0.000000e+00
    outer loop
      vertex 2.129627e+01 -2.228265e+01 1.635000e+00
      vertex 2.115633e+01 -2.235395e+01 1.635000e+00
      vertex 2.115633e+01 -2.235395e+01 4.635000e+00
    endloop
  endfacet
  facet normal -4.539905e-01 8.910065e-01 -0.000000e+00
    outer loop
      vertex 2.129627e+01 -2.228265e+01 1.635000e+00
      vertex 2.115633e+01 -2.235395e+01 4.635000e+00
      vertex 2.129627e+01 -2.228265e+01 4.635000e+00
    endloop
  endfacet
  facet normal -3.971479e-01 9.177547e-01 -0.000000e+00
    outer loop
      vertex 2.115633e+01 -2.235395e+01 1.635000e+00
      vertex 2.101219e+01 -2.241632e+01 1.635000e+00
      vertex 2.101219e+01 -2.241632e+01 4.635000e+00
    endloop
  endfacet
  facet normal -3.971479e-01 9.177547e-01 -0.000000e+00
    outer loop
      vertex 2.115633e+01 -2.235395e+01 1.635000e+00
      vertex 2.101219e+01 -2.241632e+01 4.635000e+00
      vertex 2.115633e+01 -2.235395e+01 4.635000e+00
    endloop
  endfacet
  facet normal -3.387379e-01 9.408808e-01 -0.000000e+00
    outer loop
      vertex 2.101219e+01 -2.241632e+01 1.635000e+00
      vertex 2.086443e+01 -2.246952e+01 1.635000e+00
      vertex 2.086443e+01 -2.246952e+01 4.635000e+00
    endloop
  endfacet
  facet normal -3.387379e-01 9.408808e-01 -0.000000e+00
    outer loop
      vertex 2.101219e+01 -2.241632e+01 1.635000e+00
      vertex 2.086443e+01 -2.246952e+01 4.635000e+00
      vertex 2.101219e+01 -2.241632e+01 4.635000e+00
    endloop
  endfacet
  facet normal -2.789911e-01 9.602937e-01 -0.000000e+00
    outer loop
      vertex 2.086443e+01 -2.246952e+01 1.635000e+00
      vertex 2.071361e+01 -2.251334e+01 1.635000e+00
      vertex 2.071361e+01 -2.251334e+01 4.635000e+00
    endloop
  endfacet
  facet normal -2.789911e-01 9.602937e-01 -0.000000e+00
    outer loop
      vertex 2.086443e+01 -2.246952e+01 1.635000e+00
      vertex 2.071361e+01 -2.251334e+01 4.635000e+00
      vertex 2.086443e+01 -2.246952e+01 4.635000e+00
    endloop
  endfacet
  facet normal -2.181432e-01 9.759167e-01 -0.000000e+00
    outer loop
      vertex 2.071361e+01 -2.251334e+01 1.635000e+00
      vertex 2.056034e+01 -2.254760e+01 1.635000e+00
      vertex 2.056034e+01 -2.254760e+01 4.635000e+00
    endloop
  endfacet
  facet normal -2.181432e-01 9.759167e-01 -0.000000e+00
    outer loop
      vertex 2.071361e+01 -2.251334e+01 1.635000e+00
      vertex 2.056034e+01 -2.254760e+01 4.635000e+00
      vertex 2.071361e+01 -2.251334e+01 4.635000e+00
    endloop
  endfacet
  facet normal -1.564345e-01 9.876884e-01 -0.000000e+00
    outer loop
      vertex 2.056034e+01 -2.254760e+01 1.635000e+00
      vertex 2.040522e+01 -2.257217e+01 1.635000e+00
      vertex 2.040522e+01 -2.257217e+01 4.635000e+00
    endloop
  endfacet
  facet normal -1.564345e-01 9.876884e-01 -0.000000e+00
    outer loop
      vertex 2.056034e+01 -2.254760e+01 1.635000e+00
      vertex 2.040522e+01 -2.257217e+01 4.635000e+00
      vertex 2.056034e+01 -2.254760e+01 4.635000e+00
    endloop
  endfacet
  facet normal -9.410831e-02 9.955620e-01 -0.000000e+00
    outer loop
      vertex 2.040522e+01 -2.257217e+01 1.635000e+00
      vertex 2.024886e+01 -2.258695e+01 1.635000e+00
      vertex 2.024886e+01 -2.258695e+01 4.635000e+00
    endloop
  endfacet
  facet normal -9.410831e-02 9.955620e-01 -0.000000e+00
    outer loop
      vertex 2.040522e+01 -2.257217e+01 1.635000e+00
      vertex 2.024886e+01 -2.258695e+01 4.635000e+00
      vertex 2.040522e+01 -2.257217e+01 4.635000e+00
    endloop
  endfacet
  facet normal -3.141076e-02 9.995065e-01 -0.000000e+00
    outer loop
      vertex 2.024886e+01 -2.258695e+01 1.635000e+00
      vertex 2.009188e+01 -2.259188e+01 1.635000e+00
      vertex 2.009188e+01 -2.259188e+01 4.635000e+00
    endloop
  endfacet
  facet normal -3.141076e-02 9.995065e-01 -0.000000e+00
    outer loop
      vertex 2.024886e+01 -2.258695e+01 1.635000e+00
      vertex 2.009188e+01 -2.259188e+01 4.635000e+00
      vertex 2.024886e+01 -2.258695e+01 4.635000e+00
    endloop
  endfacet
  facet normal 3.141076e-02 9.995065e-01 -0.000000e+00
    outer loop
      vertex 2.009188e+01 -2.259188e+01 1.635000e+00
      vertex 1.993491e+01 -2.258695e+01 1.635000e+00
      vertex 1.993491e+01 -2.258695e+01 4.635000e+00
    endloop
  endfacet
  facet normal 3.141076e-02 9.995065e-01 -0.000000e+00
    outer loop
      vertex 2.009188e+01 -2.259188e+01 1.635000e+00
      vertex 1.993491e+01 -2.258695e+01 4.635000e+00
      vertex 2.009188e+01 -2.259188e+01 4.635000e+00
    endloop
  endfacet
  facet normal 9.410831e-02 9.955620e-01 -0.000000e+00
    outer loop
      vertex 1.993491e+01 -2.258695e+01 1.635000e+00
      vertex 1.977855e+01 -2.257217e+01 1.635000e+00
      vertex 1.977855e+01 -2.257217e+01 4.635000e+00
    endloop
  endfacet
  facet normal 9.410831e-02 9.955620e-01 -0.000000e+00
    outer loop
      vertex 1.993491e+01 -2.258695e+01 1.635000e+00
      vertex 1.977855e+01 -2.257217e+01 4.635000e+00
      vertex 1.993491e+01 -2.258695e+01 4.635000e+00
    endloop
  endfacet
  facet normal -0.000000e+00 1.000000e+00 -0.000000e+00
    outer loop
      vertex 1.977855e+01 -2.257217e+01 1.635000e+00
      vertex 1.877855e+01 -2.257217e+01 1.635000e+00
      vertex 1.877855e+01 -2.257217e+01 4.635000e+00
    endloop
  endfacet
  facet normal -0.000000e+00 1.000000e+00 -0.000000e+00
    outer loop
      vertex 1.977855e+01 -2.257217e+01 1.635000e+00
      vertex 1.877855e+01 -2.257217e+01 4.635000e+00
      vertex 1.977855e+01 -2.257217e+01 4.635000e+00
    endloop
  endfacet
  facet normal 7.055613e-02 9.975078e-01 -0.000000e+00
    outer loop
      vertex 1.877855e+01 -2.257217e+01 1.635000e+00
      vertex 1.320382e+01 -2.217786e+01 1.635000e+00
      vertex 1.320382e+01 -2.217786e+01 4.635000e+00
    endloop
  endfacet
  facet normal 7.055613e-02 9.975078e-01 -0.000000e+00
    outer loop
      vertex 1.877855e+01 -2.257217e+01 1.635000e+00
      vertex 1.320382e+01 -2.217786e+01 4.635000e+00
      vertex 1.877855e+01 -2.257217e+01 4.635000e+00
    endloop
  endfacet
  facet normal 0.000000e+00 1.000000e+00 -0.000000e+00
    outer loop
      vertex 1.258542e+01 -2.217786e+01 1.635000e+00
      vertex 1.258542e+01 -2.217786e+01 4.635000e+00
      vertex 1.320382e+01 -2.217786e+01 4.635000e+00
    endloop
  endfacet
  facet normal 0.000000e+00 1.000000e+00 -0.000000e+00
    outer loop
      vertex 1.258542e+01 -2.217786e+01 1.635000e+00
      vertex 1.320382e+01 -2.217786e+01 4.635000e+00
      vertex 1.320382e+01 -2.217786e+01 1.635000e+00
    endloop
  endfacet
  facet normal -1.000000e+00 0.000000e+00 -0.000000e+00
    outer loop
      vertex 2.217786e+01 -1.258542e+01 4.635000e+00
      vertex 2.217786e+01 -1.258542e+01 1.635000e+00
      vertex 2.217786e+01 -1.320382e+01 1.635000e+00
    endloop
  endfacet
  facet normal -1.000000e+00 0.000000e+00 -0.000000e+00
    outer loop
      vertex 2.217786e+01 -1.258542e+01 4.635000e+00
      vertex 2.217786e+01 -1.320382e+01 1.635000e+00
      vertex 2.217786e+01 -1.320382e+01 4.635000e+00
    endloop
  endfacet
  facet normal 1.000000e+00 0.000000e+00 -0.000000e+00
    outer loop
      vertex -2.217786e+01 -1.258542e+01 1.635000e+00
      vertex -2.217786e+01 -1.258542e+01 4.635000e+00
      vertex -2.217786e+01 -1.320382e+01 4.635000e+00
    endloop
  endfacet
  facet normal 1.000000e+00 0.000000e+00 -0.000000e+00
    outer loop
      vertex -2.217786e+01 -1.258542e+01 1.635000e+00
      vertex -2.217786e+01 -1.320382e+01 4.635000e+00
      vertex -2.217786e+01 -1.320382e+01 1.635000e+00
    endloop
  endfacet
  facet normal 9.975078e-01 -7.055613e-02 -0.000000e+00
    outer loop
      vertex -2.257217e+01 -1.877855e+01 1.635000e+00
      vertex -2.217786e+01 -1.320382e+01 1.635000e+00
      vertex -2.217786e+01 -1.320382e+01 4.635000e+00
    endloop
  endfacet
  facet normal 9.975078e-01 -7.055613e-02 -0.000000e+00
    outer loop
      vertex -2.257217e+01 -1.877855e+01 1.635000e+00
      vertex -2.217786e+01 -1.320382e+01 4.635000e+00
      vertex -2.257217e+01 -1.877855e+01 4.635000e+00
    endloop
  endfacet
  facet normal 1.000000e+00 0.000000e+00 -0.000000e+00
    outer loop
      vertex -2.257217e+01 -1.977855e+01 1.635000e+00
      vertex -2.257217e+01 -1.877855e+01 1.635000e+00
      vertex -2.257217e+01 -1.877855e+01 4.635000e+00
    endloop
  endfacet
  facet normal 1.000000e+00 0.000000e+00 -0.000000e+00
    outer loop
      vertex -2.257217e+01 -1.977855e+01 1.635000e+00
      vertex -2.257217e+01 -1.877855e+01 4.635000e+00
      vertex -2.257217e+01 -1.977855e+01 4.635000e+00
    endloop
  endfacet
  facet normal 9.955620e-01 -9.410831e-02 -0.000000e+00
    outer loop
      vertex -2.258695e+01 -1.993491e+01 1.635000e+00
      vertex -2.257217e+01 -1.977855e+01 1.635000e+00
      vertex -2.257217e+01 -1.977855e+01 4.635000e+00
    endloop
  endfacet
  facet normal 9.955620e-01 -9.410831e-02 -0.000000e+00
    outer loop
      vertex -2.258695e+01 -1.993491e+01 1.635000e+00
      vertex -2.257217e+01 -1.977855e+01 4.635000e+00
      vertex -2.258695e+01 -1.993491e+01 4.635000e+00
    endloop
  endfacet
  facet normal 9.995065e-01 -3.141076e-02 -0.000000e+00
    outer loop
      vertex -2.259188e+01 -2.009188e+01 1.635000e+00
      vertex -2.258695e+01 -1.993491e+01 1.635000e+00
      vertex -2.258695e+01 -1.993491e+01 4.635000e+00
    endloop
  endfacet
  facet normal 9.995065e-01 -3.141076e-02 -0.000000e+00
    outer loop
      vertex -2.259188e+01 -2.009188e+01 1.635000e+00
      vertex -2.258695e+01 -1.993491e+01 4.635000e+00
      vertex -2.259188e+01 -2.009188e+01 4.635000e+00
    endloop
  endfacet
  facet normal 9.995065e-01 3.141076e-02 -0.000000e+00
    outer loop
      vertex -2.258695e+01 -2.024886e+01 1.635000e+00
      vertex -2.259188e+01 -2.009188e+01 1.635000e+00
      vertex -2.259188e+01 -2.009188e+01 4.635000e+00
    endloop
  endfacet
  facet normal 9.995065e-01 3.141076e-02 -0.000000e+00
    outer loop
      vertex -2.258695e+01 -2.024886e+01 1.635000e+00
      vertex -2.259188e+01 -2.009188e+01 4.635000e+00
      vertex -2.258695e+01 -2.024886e+01 4.635000e+00
    endloop
  endfacet
  facet normal 9.955620e-01 9.410831e-02 -0.000000e+00
    outer loop
      vertex -2.257217e+01 -2.040522e+01 1.635000e+00
      vertex -2.258695e+01 -2.024886e+01 1.635000e+00
      vertex -2.258695e+01 -2.024886e+01 4.635000e+00
    endloop
  endfacet
  facet normal 9.955620e-01 9.410831e-02 -0.000000e+00
    outer loop
      vertex -2.257217e+01 -2.040522e+01 1.635000e+00
      vertex -2.258695e+01 -2.024886e+01 4.635000e+00
      vertex -2.257217e+01 -2.040522e+01 4.635000e+00
    endloop
  endfacet
  facet normal 9.876884e-01 1.564345e-01 -0.000000e+00
    outer loop
      vertex -2.254760e+01 -2.056034e+01 1.635000e+00
      vertex -2.257217e+01 -2.040522e+01 1.635000e+00
      vertex -2.257217e+01 -2.040522e+01 4.635000e+00
    endloop
  endfacet
  facet normal 9.876884e-01 1.564345e-01 -0.000000e+00
    outer loop
      vertex -2.254760e+01 -2.056034e+01 1.635000e+00
      vertex -2.257217e+01 -2.040522e+01 4.635000e+00
      vertex -2.254760e+01 -2.056034e+01 4.635000e+00
    endloop
  endfacet
  facet normal 9.759167e-01 2.181432e-01 -0.000000e+00
    outer loop
      vertex -2.251334e+01 -2.071361e+01 1.635000e+00
      vertex -2.254760e+01 -2.056034e+01 1.635000e+00
      vertex -2.254760e+01 -2.056034e+01 4.635000e+00
    endloop
  endfacet
  facet normal 9.759167e-01 2.181432e-01 -0.000000e+00
    outer loop
      vertex -2.251334e+01 -2.071361e+01 1.635000e+00
      vertex -2.254760e+01 -2.056034e+01 4.635000e+00
      vertex -2.251334e+01 -2.071361e+01 4.635000e+00
    endloop
  endfacet
  facet normal 9.602937e-01 2.789911e-01 -0.000000e+00
    outer loop
      vertex -2.246952e+01 -2.086443e+01 1.635000e+00
      vertex -2.251334e+01 -2.071361e+01 1.635000e+00
      vertex -2.251334e+01 -2.071361e+01 4.635000e+00
    endloop
  endfacet
  facet normal 9.602937e-01 2.789911e-01 -0.000000e+00
    outer loop
      vertex -2.246952e+01 -2.086443e+01 1.635000e+00
      vertex -2.251334e+01 -2.071361e+01 4.635000e+00
      vertex -2.246952e+01 -2.086443e+01 4.635000e+00
    endloop
  endfacet
  facet normal 9.408808e-01 3.387379e-01 -0.000000e+00
    outer loop
      vertex -2.241632e+01 -2.101219e+01 1.635000e+00
      vertex -2.246952e+01 -2.086443e+01 1.635000e+00
      vertex -2.246952e+01 -2.086443e+01 4.635000e+00
    endloop
  endfacet
  facet normal 9.408808e-01 3.387379e-01 -0.000000e+00
    outer loop
      vertex -2.241632e+01 -2.101219e+01 1.635000e+00
      vertex -2.246952e+01 -2.086443e+01 4.635000e+00
      vertex -2.241632e+01 -2.101219e+01 4.635000e+00
    endloop
  endfacet
  facet normal 9.177547e-01 3.971479e-01 -0.000000e+00
    outer loop
      vertex -2.235395e+01 -2.115633e+01 1.635000e+00
      vertex -2.241632e+01 -2.101219e+01 1.635000e+00
      vertex -2.241632e+01 -2.101219e+01 4.635000e+00
    endloop
  endfacet
  facet normal 9.177547e-01 3.971479e-01 -0.000000e+00
    outer loop
      vertex -2.235395e+01 -2.115633e+01 1.635000e+00
      vertex -2.241632e+01 -2.101219e+01 4.635000e+00
      vertex -2.235395e+01 -2.115633e+01 4.635000e+00
    endloop
  endfacet
  facet normal 8.910065e-01 4.539905e-01 -0.000000e+00
    outer loop
      vertex -2.228265e+01 -2.129627e+01 1.635000e+00
      vertex -2.235395e+01 -2.115633e+01 1.635000e+00
      vertex -2.235395e+01 -2.115633e+01 4.635000e+00
    endloop
  endfacet
  facet normal 8.910065e-01 4.539905e-01 -0.000000e+00
    outer loop
      vertex -2.228265e+01 -2.129627e+01 1.635000e+00
      vertex -2.235395e+01 -2.115633e+01 4.635000e+00
      vertex -2.228265e+01 -2.129627e+01 4.635000e+00
    endloop
  endfacet
  facet normal 8.607420e-01 5.090414e-01 -0.000000e+00
    outer loop
      vertex -2.220270e+01 -2.143145e+01 1.635000e+00
      vertex -2.228265e+01 -2.129627e+01 1.635000e+00
      vertex -2.228265e+01 -2.129627e+01 4.635000e+00
    endloop
  endfacet
  facet normal 8.607420e-01 5.090414e-01 -0.000000e+00
    outer loop
      vertex -2.220270e+01 -2.143145e+01 1.635000e+00
      vertex -2.228265e+01 -2.129627e+01 4.635000e+00
      vertex -2.220270e+01 -2.143145e+01 4.635000e+00
    endloop
  endfacet
  facet normal 8.270805e-01 5.620834e-01 -0.000000e+00
    outer loop
      vertex -2.211443e+01 -2.156135e+01 1.635000e+00
      vertex -2.220270e+01 -2.143145e+01 1.635000e+00
      vertex -2.220270e+01 -2.143145e+01 4.635000e+00
    endloop
  endfacet
  facet normal 8.270805e-01 5.620834e-01 -0.000000e+00
    outer loop
      vertex -2.211443e+01 -2.156135e+01 1.635000e+00
      vertex -2.220270e+01 -2.143145e+01 4.635000e+00
      vertex -2.211443e+01 -2.156135e+01 4.635000e+00
    endloop
  endfacet
  facet normal 7.901550e-01 6.129071e-01 -0.000000e+00
    outer loop
      vertex -2.201817e+01 -2.168544e+01 1.635000e+00
      vertex -2.211443e+01 -2.156135e+01 1.635000e+00
      vertex -2.211443e+01 -2.156135e+01 4.635000e+00
    endloop
  endfacet
  facet normal 7.901550e-01 6.129071e-01 -0.000000e+00
    outer loop
      vertex -2.201817e+01 -2.168544e+01 1.635000e+00
      vertex -2.211443e+01 -2.156135e+01 4.635000e+00
      vertex -2.201817e+01 -2.168544e+01 4.635000e+00
    endloop
  endfacet
  facet normal 7.501110e-01 6.613119e-01 -0.000000e+00
    outer loop
      vertex -2.191430e+01 -2.180325e+01 1.635000e+00
      vertex -2.201817e+01 -2.168544e+01 1.635000e+00
      vertex -2.201817e+01 -2.168544e+01 4.635000e+00
    endloop
  endfacet
  facet normal 7.501110e-01 6.613119e-01 -0.000000e+00
    outer loop
      vertex -2.191430e+01 -2.180325e+01 1.635000e+00
      vertex -2.201817e+01 -2.168544e+01 4.635000e+00
      vertex -2.191430e+01 -2.180325e+01 4.635000e+00
    endloop
  endfacet
  facet normal 7.071068e-01 7.071068e-01 -0.000000e+00
    outer loop
      vertex -2.180325e+01 -2.191430e+01 1.635000e+00
      vertex -2.191430e+01 -2.180325e+01 1.635000e+00
      vertex -2.191430e+01 -2.180325e+01 4.635000e+00
    endloop
  endfacet
  facet normal 7.071068e-01 7.071068e-01 -0.000000e+00
    outer loop
      vertex -2.180325e+01 -2.191430e+01 1.635000e+00
      vertex -2.191430e+01 -2.180325e+01 4.635000e+00
      vertex -2.180325e+01 -2.191430e+01 4.635000e+00
    endloop
  endfacet
  facet normal 6.613119e-01 7.501110e-01 -0.000000e+00
    outer loop
      vertex -2.168544e+01 -2.201817e+01 1.635000e+00
      vertex -2.180325e+01 -2.191430e+01 1.635000e+00
      vertex -2.180325e+01 -2.191430e+01 4.635000e+00
    endloop
  endfacet
  facet normal 6.613119e-01 7.501110e-01 -0.000000e+00
    outer loop
      vertex -2.168544e+01 -2.201817e+01 1.635000e+00
      vertex -2.180325e+01 -2.191430e+01 4.635000e+00
      vertex -2.168544e+01 -2.201817e+01 4.635000e+00
    endloop
  endfacet
  facet normal 6.129071e-01 7.901550e-01 -0.000000e+00
    outer loop
      vertex -2.156135e+01 -2.211443e+01 1.635000e+00
      vertex -2.168544e+01 -2.201817e+01 1.635000e+00
      vertex -2.168544e+01 -2.201817e+01 4.635000e+00
    endloop
  endfacet
  facet normal 6.129071e-01 7.901550e-01 -0.000000e+00
    outer loop
      vertex -2.156135e+01 -2.211443e+01 1.635000e+00
      vertex -2.168544e+01 -2.201817e+01 4.635000e+00
      vertex -2.156135e+01 -2.211443e+01 4.635000e+00
    endloop
  endfacet
  facet normal 5.620834e-01 8.270805e-01 -0.000000e+00
    outer loop
      vertex -2.143145e+01 -2.220270e+01 1.635000e+00
      vertex -2.156135e+01 -2.211443e+01 1.635000e+00
      vertex -2.156135e+01 -2.211443e+01 4.635000e+00
    endloop
  endfacet
  facet normal 5.620834e-01 8.270805e-01 -0.000000e+00
    outer loop
      vertex -2.143145e+01 -2.220270e+01 1.635000e+00
      vertex -2.156135e+01 -2.211443e+01 4.635000e+00
      vertex -2.143145e+01 -2.220270e+01 4.635000e+00
    endloop
  endfacet
  facet normal 5.090414e-01 8.607420e-01 -0.000000e+00
    outer loop
      vertex -2.129627e+01 -2.228265e+01 1.635000e+00
      vertex -2.143145e+01 -2.220270e+01 1.635000e+00
      vertex -2.143145e+01 -2.220270e+01 4.635000e+00
    endloop
  endfacet
  facet normal 5.090414e-01 8.607420e-01 -0.000000e+00
    outer loop
      vertex -2.129627e+01 -2.228265e+01 1.635000e+00
      vertex -2.143145e+01 -2.220270e+01 4.635000e+00
      vertex -2.129627e+01 -2.228265e+01 4.635000e+00
    endloop
  endfacet
  facet normal 4.539905e-01 8.910065e-01 -0.000000e+00
    outer loop
      vertex -2.115633e+01 -2.235395e+01 1.635000e+00
      vertex -2.129627e+01 -2.228265e+01 1.635000e+00
      vertex -2.129627e+01 -2.228265e+01 4.635000e+00
    endloop
  endfacet
  facet normal 4.539905e-01 8.910065e-01 -0.000000e+00
    outer loop
      vertex -2.115633e+01 -2.235395e+01 1.635000e+00
      vertex -2.129627e+01 -2.228265e+01 4.635000e+00
      vertex -2.115633e+01 -2.235395e+01 4.635000e+00
    endloop
  endfacet
  facet normal 3.971479e-01 9.177547e-01 -0.000000e+00
    outer loop
      vertex -2.101219e+01 -2.241632e+01 1.635000e+00
      vertex -2.115633e+01 -2.235395e+01 1.635000e+00
      vertex -2.115633e+01 -2.235395e+01 4.635000e+00
    endloop
  endfacet
  facet normal 3.971479e-01 9.177547e-01 -0.000000e+00
    outer loop
      vertex -2.101219e+01 -2.241632e+01 1.635000e+00
      vertex -2.115633e+01 -2.235395e+01 4.635000e+00
      vertex -2.101219e+01 -2.241632e+01 4.635000e+00
    endloop
  endfacet
  facet normal 3.387379e-01 9.408808e-01 -0.000000e+00
    outer loop
      vertex -2.086443e+01 -2.246952e+01 1.635000e+00
      vertex -2.101219e+01 -2.241632e+01 1.635000e+00
      vertex -2.101219e+01 -2.241632e+01 4.635000e+00
    endloop
  endfacet
  facet normal 3.387379e-01 9.408808e-01 -0.000000e+00
    outer loop
      vertex -2.086443e+01 -2.246952e+01 1.635000e+00
      vertex -2.101219e+01 -2.241632e+01 4.635000e+00
      vertex -2.086443e+01 -2.246952e+01 4.635000e+00
    endloop
  endfacet
  facet normal 2.789911e-01 9.602937e-01 -0.000000e+00
    outer loop
      vertex -2.071361e+01 -2.251334e+01 1.635000e+00
      vertex -2.086443e+01 -2.246952e+01 1.635000e+00
      vertex -2.086443e+01 -2.246952e+01 4.635000e+00
    endloop
  endfacet
  facet normal 2.789911e-01 9.602937e-01 -0.000000e+00
    outer loop
      vertex -2.071361e+01 -2.251334e+01 1.635000e+00
      vertex -2.086443e+01 -2.246952e+01 4.635000e+00
      vertex -2.071361e+01 -2.251334e+01 4.635000e+00
    endloop
  endfacet
  facet normal 2.181432e-01 9.759167e-01 -0.000000e+00
    outer loop
      vertex -2.056034e+01 -2.254760e+01 1.635000e+00
      vertex -2.071361e+01 -2.251334e+01 1.635000e+00
      vertex -2.071361e+01 -2.251334e+01 4.635000e+00
    endloop
  endfacet
  facet normal 2.181432e-01 9.759167e-01 -0.000000e+00
    outer loop
      vertex -2.056034e+01 -2.254760e+01 1.635000e+00
      vertex -2.071361e+01 -2.251334e+01 4.635000e+00
      vertex -2.056034e+01 -2.254760e+01 4.635000e+00
    endloop
  endfacet
  facet normal 1.564345e-01 9.876884e-01 -0.000000e+00
    outer loop
      vertex -2.040522e+01 -2.257217e+01 1.635000e+00
      vertex -2.056034e+01 -2.254760e+01 1.635000e+00
      vertex -2.056034e+01 -2.254760e+01 4.635000e+00
    endloop
  endfacet
  facet normal 1.564345e-01 9.876884e-01 -0.000000e+00
    outer loop
      vertex -2.040522e+01 -2.257217e+01 1.635000e+00
      vertex -2.056034e+01 -2.254760e+01 4.635000e+00
      vertex -2.040522e+01 -2.257217e+01 4.635000e+00
    endloop
  endfacet
  facet normal 9.410831e-02 9.955620e-01 -0.000000e+00
    outer loop
      vertex -2.024886e+01 -2.258695e+01 1.635000e+00
      vertex -2.040522e+01 -2.257217e+01 1.635000e+00
      vertex -2.040522e+01 -2.257217e+01 4.635000e+00
    endloop
  endfacet
  facet normal 9.410831e-02 9.955620e-01 -0.000000e+00
    outer loop
      vertex -2.024886e+01 -2.258695e+01 1.635000e+00
      vertex -2.040522e+01 -2.257217e+01 4.635000e+00
      vertex -2.024886e+01 -2.258695e+01 4.635000e+00
    endloop
  endfacet
  facet normal 3.141076e-02 9.995065e-01 -0.000000e+00
    outer loop
      vertex -2.009188e+01 -2.259188e+01 1.635000e+00
      vertex -2.024886e+01 -2.258695e+01 1.635000e+00
      vertex -2.024886e+01 -2.258695e+01 4.635000e+00
    endloop
  endfacet
  facet normal 3.141076e-02 9.995065e-01 -0.000000e+00
    outer loop
      vertex -2.009188e+01 -2.259188e+01 1.635000e+00
      vertex -2.024886e+01 -2.258695e+01 4.635000e+00
      vertex -2.009188e+01 -2.259188e+01 4.635000e+00
    endloop
  endfacet
  facet normal -3.141076e-02 9.995065e-01 -0.000000e+00
    outer loop
      vertex -1.993491e+01 -2.258695e+01 1.635000e+00
      vertex -2.009188e+01 -2.259188e+01 1.635000e+00
      vertex -2.009188e+01 -2.259188e+01 4.635000e+00
    endloop
  endfacet
  facet normal -3.141076e-02 9.995065e-01 -0.000000e+00
    outer loop
      vertex -1.993491e+01 -2.258695e+01 1.635000e+00
      vertex -2.009188e+01 -2.259188e+01 4.635000e+00
      vertex -1.993491e+01 -2.258695e+01 4.635000e+00
    endloop
  endfacet
  facet normal -9.410831e-02 9.955620e-01 -0.000000e+00
    outer loop
      vertex -1.977855e+01 -2.257217e+01 1.635000e+00
      vertex -1.993491e+01 -2.258695e+01 1.635000e+00
      vertex -1.993491e+01 -2.258695e+01 4.635000e+00
    endloop
  endfacet
  facet normal -9.410831e-02 9.955620e-01 -0.000000e+00
    outer loop
      vertex -1.977855e+01 -2.257217e+01 1.635000e+00
      vertex -1.993491e+01 -2.258695e+01 4.635000e+00
      vertex -1.977855e+01 -2.257217e+01 4.635000e+00
    endloop
  endfacet
  facet normal -0.000000e+00 1.000000e+00 -0.000000e+00
    outer loop
      vertex -1.877855e+01 -2.257217e+01 1.635000e+00
      vertex -1.977855e+01 -2.257217e+01 1.635000e+00
      vertex -1.977855e+01 -2.257217e+01 4.635000e+00
    endloop
  endfacet
  facet normal -0.000000e+00 1.000000e+00 -0.000000e+00
    outer loop
      vertex -1.877855e+01 -2.257217e+01 1.635000e+00
      vertex -1.977855e+01 -2.257217e+01 4.635000e+00
      vertex -1.877855e+01 -2.257217e+01 4.635000e+00
    endloop
  endfacet
  facet normal -7.055613e-02 9.975078e-01 -0.000000e+00
    outer loop
      vertex -1.320382e+01 -2.217786e+01 1.635000e+00
      vertex -1.877855e+01 -2.257217e+01 1.635000e+00
      vertex -1.877855e+01 -2.257217e+01 4.635000e+00
    endloop
  endfacet
  facet normal -7.055613e-02 9.975078e-01 -0.000000e+00
    outer loop
      vertex -1.320382e+01 -2.217786e+01 1.635000e+00
      vertex -1.877855e+01 -2.257217e+01 4.635000e+00
      vertex -1.320382e+01 -2.217786e+01 4.635000e+00
    endloop
  endfacet
  facet normal -0.000000e+00 1.000000e+00 -0.000000e+00
    outer loop
      vertex -1.258542e+01 -2.217786e+01 4.635000e+00
      vertex -1.258542e+01 -2.217786e+01 1.635000e+00
      vertex -1.320382e+01 -2.217786e+01 1.635000e+00
    endloop
  endfacet
  facet normal -0.000000e+00 1.000000e+00 -0.000000e+00
    outer loop
      vertex -1.258542e+01 -2.217786e+01 4.635000e+00
      vertex -1.320382e+01 -2.217786e+01 1.635000e+00
      vertex -1.320382e+01 -2.217786e+01 4.635000e+00
    endloop
  endfacet
  facet normal 9.975078e-01 7.055613e-02 0.000000e+00
    outer loop
      vertex -2.217786e+01 1.320382e+01 1.635000e+00
      vertex -2.257217e+01 1.877855e+01 1.635000e+00
      vertex -2.257217e+01 1.877855e+01 4.635000e+00
    endloop
  endfacet
  facet normal 9.975078e-01 7.055613e-02 0.000000e+00
    outer loop
      vertex -2.217786e+01 1.320382e+01 1.635000e+00
      vertex -2.257217e+01 1.877855e+01 4.635000e+00
      vertex -2.217786e+01 1.320382e+01 4.635000e+00
    endloop
  endfacet
  facet normal 1.000000e+00 0.000000e+00 0.000000e+00
    outer loop
      vertex -2.257217e+01 1.877855e+01 1.635000e+00
      vertex -2.257217e+01 1.977855e+01 1.635000e+00
      vertex -2.257217e+01 1.977855e+01 4.635000e+00
    endloop
  endfacet
  facet normal 1.000000e+00 0.000000e+00 0.000000e+00
    outer loop
      vertex -2.257217e+01 1.877855e+01 1.635000e+00
      vertex -2.257217e+01 1.977855e+01 4.635000e+00
      vertex -2.257217e+01 1.877855e+01 4.635000e+00
    endloop
  endfacet
  facet normal 9.955620e-01 9.410831e-02 0.000000e+00
    outer loop
      vertex -2.257217e+01 1.977855e+01 1.635000e+00
      vertex -2.258695e+01 1.993491e+01 1.635000e+00
      vertex -2.258695e+01 1.993491e+01 4.635000e+00
    endloop
  endfacet
  facet normal 9.955620e-01 9.410831e-02 0.000000e+00
    outer loop
      vertex -2.257217e+01 1.977855e+01 1.635000e+00
      vertex -2.258695e+01 1.993491e+01 4.635000e+00
      vertex -2.257217e+01 1.977855e+01 4.635000e+00
    endloop
  endfacet
  facet normal 9.995065e-01 3.141076e-02 0.000000e+00
    outer loop
      vertex -2.258695e+01 1.993491e+01 1.635000e+00
      vertex -2.259188e+01 2.009188e+01 1.635000e+00
      vertex -2.259188e+01 2.009188e+01 4.635000e+00
    endloop
  endfacet
  facet normal 9.995065e-01 3.141076e-02 0.000000e+00
    outer loop
      vertex -2.258695e+01 1.993491e+01 1.635000e+00
      vertex -2.259188e+01 2.009188e+01 4.635000e+00
      vertex -2.258695e+01 1.993491e+01 4.635000e+00
    endloop
  endfacet
  facet normal 9.995065e-01 -3.141076e-02 -0.000000e+00
    outer loop
      vertex -2.259188e+01 2.009188e+01 1.635000e+00
      vertex -2.258695e+01 2.024886e+01 1.635000e+00
      vertex -2.258695e+01 2.024886e+01 4.635000e+00
    endloop
  endfacet
  facet normal 9.995065e-01 -3.141076e-02 -0.000000e+00
    outer loop
      vertex -2.259188e+01 2.009188e+01 1.635000e+00
      vertex -2.258695e+01 2.024886e+01 4.635000e+00
      vertex -2.259188e+01 2.009188e+01 4.635000e+00
    endloop
  endfacet
  facet normal 9.955620e-01 -9.410831e-02 -0.000000e+00
    outer loop
      vertex -2.258695e+01 2.024886e+01 1.635000e+00
      vertex -2.257217e+01 2.040522e+01 1.635000e+00
      vertex -2.257217e+01 2.040522e+01 4.635000e+00
    endloop
  endfacet
  facet normal 9.955620e-01 -9.410831e-02 -0.000000e+00
    outer loop
      vertex -2.258695e+01 2.024886e+01 1.635000e+00
      vertex -2.257217e+01 2.040522e+01 4.635000e+00
      vertex -2.258695e+01 2.024886e+01 4.635000e+00
    endloop
  endfacet
  facet normal 9.876884e-01 -1.564345e-01 -0.000000e+00
    outer loop
      vertex -2.257217e+01 2.040522e+01 1.635000e+00
      vertex -2.254760e+01 2.056034e+01 1.635000e+00
      vertex -2.254760e+01 2.056034e+01 4.635000e+00
    endloop
  endfacet
  facet normal 9.876884e-01 -1.564345e-01 -0.000000e+00
    outer loop
      vertex -2.257217e+01 2.040522e+01 1.635000e+00
      vertex -2.254760e+01 2.056034e+01 4.635000e+00
      vertex -2.257217e+01 2.040522e+01 4.635000e+00
    endloop
  endfacet
  facet normal 9.759167e-01 -2.181432e-01 -0.000000e+00
    outer loop
      vertex -2.254760e+01 2.056034e+01 1.635000e+00
      vertex -2.251334e+01 2.071361e+01 1.635000e+00
      vertex -2.251334e+01 2.071361e+01 4.635000e+00
    endloop
  endfacet
  facet normal 9.759167e-01 -2.181432e-01 -0.000000e+00
    outer loop
      vertex -2.254760e+01 2.056034e+01 1.635000e+00
      vertex -2.251334e+01 2.071361e+01 4.635000e+00
      vertex -2.254760e+01 2.056034e+01 4.635000e+00
    endloop
  endfacet
  facet normal 9.602937e-01 -2.789911e-01 -0.000000e+00
    outer loop
      vertex -2.251334e+01 2.071361e+01 1.635000e+00
      vertex -2.246952e+01 2.086443e+01 1.635000e+00
      vertex -2.246952e+01 2.086443e+01 4.635000e+00
    endloop
  endfacet
  facet normal 9.602937e-01 -2.789911e-01 -0.000000e+00
    outer loop
      vertex -2.251334e+01 2.071361e+01 1.635000e+00
      vertex -2.246952e+01 2.086443e+01 4.635000e+00
      vertex -2.251334e+01 2.071361e+01 4.635000e+00
    endloop
  endfacet
  facet normal 9.408808e-01 -3.387379e-01 -0.000000e+00
    outer loop
      vertex -2.246952e+01 2.086443e+01 1.635000e+00
      vertex -2.241632e+01 2.101219e+01 1.635000e+00
      vertex -2.241632e+01 2.101219e+01 4.635000e+00
    endloop
  endfacet
  facet normal 9.408808e-01 -3.387379e-01 -0.000000e+00
    outer loop
      vertex -2.246952e+01 2.086443e+01 1.635000e+00
      vertex -2.241632e+01 2.101219e+01 4.635000e+00
      vertex -2.246952e+01 2.086443e+01 4.635000e+00
    endloop
  endfacet
  facet normal 9.177547e-01 -3.971479e-01 -0.000000e+00
    outer loop
      vertex -2.241632e+01 2.101219e+01 1.635000e+00
      vertex -2.235395e+01 2.115633e+01 1.635000e+00
      vertex -2.235395e+01 2.115633e+01 4.635000e+00
    endloop
  endfacet
  facet normal 9.177547e-01 -3.971479e-01 -0.000000e+00
    outer loop
      vertex -2.241632e+01 2.101219e+01 1.635000e+00
      vertex -2.235395e+01 2.115633e+01 4.635000e+00
      vertex -2.241632e+01 2.101219e+01 4.635000e+00
    endloop
  endfacet
  facet normal 8.910065e-01 -4.539905e-01 -0.000000e+00
    outer loop
      vertex -2.235395e+01 2.115633e+01 1.635000e+00
      vertex -2.228265e+01 2.129627e+01 1.635000e+00
      vertex -2.228265e+01 2.129627e+01 4.635000e+00
    endloop
  endfacet
  facet normal 8.910065e-01 -4.539905e-01 -0.000000e+00
    outer loop
      vertex -2.235395e+01 2.115633e+01 1.635000e+00
      vertex -2.228265e+01 2.129627e+01 4.635000e+00
      vertex -2.235395e+01 2.115633e+01 4.635000e+00
    endloop
  endfacet
  facet normal 8.607420e-01 -5.090414e-01 -0.000000e+00
    outer loop
      vertex -2.228265e+01 2.129627e+01 1.635000e+00
      vertex -2.220270e+01 2.143145e+01 1.635000e+00
      vertex -2.220270e+01 2.143145e+01 4.635000e+00
    endloop
  endfacet
  facet normal 8.607420e-01 -5.090414e-01 -0.000000e+00
    outer loop
      vertex -2.228265e+01 2.129627e+01 1.635000e+00
      vertex -2.220270e+01 2.143145e+01 4.635000e+00
      vertex -2.228265e+01 2.129627e+01 4.635000e+00
    endloop
  endfacet
  facet normal 8.270805e-01 -5.620834e-01 -0.000000e+00
    outer loop
      vertex -2.220270e+01 2.143145e+01 1.635000e+00
      vertex -2.211443e+01 2.156135e+01 1.635000e+00
      vertex -2.211443e+01 2.156135e+01 4.635000e+00
    endloop
  endfacet
  facet normal 8.270805e-01 -5.620834e-01 -0.000000e+00
    outer loop
      vertex -2.220270e+01 2.143145e+01 1.635000e+00
      vertex -2.211443e+01 2.156135e+01 4.635000e+00
      vertex -2.220270e+01 2.143145e+01 4.635000e+00
    endloop
  endfacet
  facet normal 7.901550e-01 -6.129071e-01 -0.000000e+00
    outer loop
      vertex -2.211443e+01 2.156135e+01 1.635000e+00
      vertex -2.201817e+01 2.168544e+01 1.635000e+00
      vertex -2.201817e+01 2.168544e+01 4.635000e+00
    endloop
  endfacet
  facet normal 7.901550e-01 -6.129071e-01 -0.000000e+00
    outer loop
      vertex -2.211443e+01 2.156135e+01 1.635000e+00
      vertex -2.201817e+01 2.168544e+01 4.635000e+00
      vertex -2.211443e+01 2.156135e+01 4.635000e+00
    endloop
  endfacet
  facet normal 7.501110e-01 -6.613119e-01 -0.000000e+00
    outer loop
      vertex -2.201817e+01 2.168544e+01 1.635000e+00
      vertex -2.191430e+01 2.180325e+01 1.635000e+00
      vertex -2.191430e+01 2.180325e+01 4.635000e+00
    endloop
  endfacet
  facet normal 7.501110e-01 -6.613119e-01 -0.000000e+00
    outer loop
      vertex -2.201817e+01 2.168544e+01 1.635000e+00
      vertex -2.191430e+01 2.180325e+01 4.635000e+00
      vertex -2.201817e+01 2.168544e+01 4.635000e+00
    endloop
  endfacet
  facet normal 7.071068e-01 -7.071068e-01 -0.000000e+00
    outer loop
      vertex -2.191430e+01 2.180325e+01 1.635000e+00
      vertex -2.180325e+01 2.191430e+01 1.635000e+00
      vertex -2.180325e+01 2.191430e+01 4.635000e+00
    endloop
  endfacet
  facet normal 7.071068e-01 -7.071068e-01 -0.000000e+00
    outer loop
      vertex -2.191430e+01 2.180325e+01 1.635000e+00
      vertex -2.180325e+01 2.191430e+01 4.635000e+00
      vertex -2.191430e+01 2.180325e+01 4.635000e+00
    endloop
  endfacet
  facet normal 6.613119e-01 -7.501110e-01 -0.000000e+00
    outer loop
      vertex -2.180325e+01 2.191430e+01 1.635000e+00
      vertex -2.168544e+01 2.201817e+01 1.635000e+00
      vertex -2.168544e+01 2.201817e+01 4.635000e+00
    endloop
  endfacet
  facet normal 6.613119e-01 -7.501110e-01 -0.000000e+00
    outer loop
      vertex -2.180325e+01 2.191430e+01 1.635000e+00
      vertex -2.168544e+01 2.201817e+01 4.635000e+00
      vertex -2.180325e+01 2.191430e+01 4.635000e+00
    endloop
  endfacet
  facet normal 6.129071e-01 -7.901550e-01 -0.000000e+00
    outer loop
      vertex -2.168544e+01 2.201817e+01 1.635000e+00
      vertex -2.156135e+01 2.211443e+01 1.635000e+00
      vertex -2.156135e+01 2.211443e+01 4.635000e+00
    endloop
  endfacet
  facet normal 6.129071e-01 -7.901550e-01 -0.000000e+00
    outer loop
      vertex -2.168544e+01 2.201817e+01 1.635000e+00
      vertex -2.156135e+01 2.211443e+01 4.635000e+00
      vertex -2.168544e+01 2.201817e+01 4.635000e+00
    endloop
  endfacet
  facet normal 5.620834e-01 -8.270805e-01 -0.000000e+00
    outer loop
      vertex -2.156135e+01 2.211443e+01 1.635000e+00
      vertex -2.143145e+01 2.220270e+01 1.635000e+00
      vertex -2.143145e+01 2.220270e+01 4.635000e+00
    endloop
  endfacet
  facet normal 5.620834e-01 -8.270805e-01 -0.000000e+00
    outer loop
      vertex -2.156135e+01 2.211443e+01 1.635000e+00
      vertex -2.143145e+01 2.220270e+01 4.635000e+00
      vertex -2.156135e+01 2.211443e+01 4.635000e+00
    endloop
  endfacet
  facet normal 5.090414e-01 -8.607420e-01 -0.000000e+00
    outer loop
      vertex -2.143145e+01 2.220270e+01 1.635000e+00
      vertex -2.129627e+01 2.228265e+01 1.635000e+00
      vertex -2.129627e+01 2.228265e+01 4.635000e+00
    endloop
  endfacet
  facet normal 5.090414e-01 -8.607420e-01 -0.000000e+00
    outer loop
      vertex -2.143145e+01 2.220270e+01 1.635000e+00
      vertex -2.129627e+01 2.228265e+01 4.635000e+00
      vertex -2.143145e+01 2.220270e+01 4.635000e+00
    endloop
  endfacet
  facet normal 4.539905e-01 -8.910065e-01 -0.000000e+00
    outer loop
      vertex -2.129627e+01 2.228265e+01 1.635000e+00
      vertex -2.115633e+01 2.235395e+01 1.635000e+00
      vertex -2.115633e+01 2.235395e+01 4.635000e+00
    endloop
  endfacet
  facet normal 4.539905e-01 -8.910065e-01 -0.000000e+00
    outer loop
      vertex -2.129627e+01 2.228265e+01 1.635000e+00
      vertex -2.115633e+01 2.235395e+01 4.635000e+00
      vertex -2.129627e+01 2.228265e+01 4.635000e+00
    endloop
  endfacet
  facet normal 3.971479e-01 -9.177547e-01 -0.000000e+00
    outer loop
      vertex -2.115633e+01 2.235395e+01 1.635000e+00
      vertex -2.101219e+01 2.241632e+01 1.635000e+00
      vertex -2.101219e+01 2.241632e+01 4.635000e+00
    endloop
  endfacet
  facet normal 3.971479e-01 -9.177547e-01 -0.000000e+00
    outer loop
      vertex -2.115633e+01 2.235395e+01 1.635000e+00
      vertex -2.101219e+01 2.241632e+01 4.635000e+00
      vertex -2.115633e+01 2.235395e+01 4.635000e+00
    endloop
  endfacet
  facet normal 3.387379e-01 -9.408808e-01 -0.000000e+00
    outer loop
      vertex -2.101219e+01 2.241632e+01 1.635000e+00
      vertex -2.086443e+01 2.246952e+01 1.635000e+00
      vertex -2.086443e+01 2.246952e+01 4.635000e+00
    endloop
  endfacet
  facet normal 3.387379e-01 -9.408808e-01 -0.000000e+00
    outer loop
      vertex -2.101219e+01 2.241632e+01 1.635000e+00
      vertex -2.086443e+01 2.246952e+01 4.635000e+00
      vertex -2.101219e+01 2.241632e+01 4.635000e+00
    endloop
  endfacet
  facet normal 2.789911e-01 -9.602937e-01 -0.000000e+00
    outer loop
      vertex -2.086443e+01 2.246952e+01 1.635000e+00
      vertex -2.071361e+01 2.251334e+01 1.635000e+00
      vertex -2.071361e+01 2.251334e+01 4.635000e+00
    endloop
  endfacet
  facet normal 2.789911e-01 -9.602937e-01 -0.000000e+00
    outer loop
      vertex -2.086443e+01 2.246952e+01 1.635000e+00
      vertex -2.071361e+01 2.251334e+01 4.635000e+00
      vertex -2.086443e+01 2.246952e+01 4.635000e+00
    endloop
  endfacet
  facet normal 2.181432e-01 -9.759167e-01 -0.000000e+00
    outer loop
      vertex -2.071361e+01 2.251334e+01 1.635000e+00
      vertex -2.056034e+01 2.254760e+01 1.635000e+00
      vertex -2.056034e+01 2.254760e+01 4.635000e+00
    endloop
  endfacet
  facet normal 2.181432e-01 -9.759167e-01 -0.000000e+00
    outer loop
      vertex -2.071361e+01 2.251334e+01 1.635000e+00
      vertex -2.056034e+01 2.254760e+01 4.635000e+00
      vertex -2.071361e+01 2.251334e+01 4.635000e+00
    endloop
  endfacet
  facet normal 1.564345e-01 -9.876884e-01 -0.000000e+00
    outer loop
      vertex -2.056034e+01 2.254760e+01 1.635000e+00
      vertex -2.040522e+01 2.257217e+01 1.635000e+00
      vertex -2.040522e+01 2.257217e+01 4.635000e+00
    endloop
  endfacet
  facet normal 1.564345e-01 -9.876884e-01 -0.000000e+00
    outer loop
      vertex -2.056034e+01 2.254760e+01 1.635000e+00
      vertex -2.040522e+01 2.257217e+01 4.635000e+00
      vertex -2.056034e+01 2.254760e+01 4.635000e+00
    endloop
  endfacet
  facet normal 9.410831e-02 -9.955620e-01 -0.000000e+00
    outer loop
      vertex -2.040522e+01 2.257217e+01 1.635000e+00
      vertex -2.024886e+01 2.258695e+01 1.635000e+00
      vertex -2.024886e+01 2.258695e+01 4.635000e+00
    endloop
  endfacet
  facet normal 9.410831e-02 -9.955620e-01 -0.000000e+00
    outer loop
      vertex -2.040522e+01 2.257217e+01 1.635000e+00
      vertex -2.024886e+01 2.258695e+01 4.635000e+00
      vertex -2.040522e+01 2.257217e+01 4.635000e+00
    endloop
  endfacet
  facet normal 3.141076e-02 -9.995065e-01 -0.000000e+00
    outer loop
      vertex -2.024886e+01 2.258695e+01 1.635000e+00
      vertex -2.009188e+01 2.259188e+01 1.635000e+00
      vertex -2.009188e+01 2.259188e+01 4.635000e+00
    endloop
  endfacet
  facet normal 3.141076e-02 -9.995065e-01 -0.000000e+00
    outer loop
      vertex -2.024886e+01 2.258695e+01 1.635000e+00
      vertex -2.009188e+01 2.259188e+01 4.635000e+00
      vertex -2.024886e+01 2.258695e+01 4.635000e+00
    endloop
  endfacet
  facet normal -3.141076e-02 -9.995065e-01 -0.000000e+00
    outer loop
      vertex -2.009188e+01 2.259188e+01 1.635000e+00
      vertex -1.993491e+01 2.258695e+01 1.635000e+00
      vertex -1.993491e+01 2.258695e+01 4.635000e+00
    endloop
  endfacet
  facet normal -3.141076e-02 -9.995065e-01 -0.000000e+00
    outer loop
      vertex -2.009188e+01 2.259188e+01 1.635000e+00
      vertex -1.993491e+01 2.258695e+01 4.635000e+00
      vertex -2.009188e+01 2.259188e+01 4.635000e+00
    endloop
  endfacet
  facet normal -9.410831e-02 -9.955620e-01 -0.000000e+00
    outer loop
      vertex -1.993491e+01 2.258695e+01 1.635000e+00
      vertex -1.977855e+01 2.257217e+01 1.635000e+00
      vertex -1.977855e+01 2.257217e+01 4.635000e+00
    endloop
  endfacet
  facet normal -9.410831e-02 -9.955620e-01 -0.000000e+00
    outer loop
      vertex -1.993491e+01 2.258695e+01 1.635000e+00
      vertex -1.977855e+01 2.257217e+01 4.635000e+00
      vertex -1.993491e+01 2.258695e+01 4.635000e+00
    endloop
  endfacet
  facet normal 0.000000e+00 -1.000000e+00 -0.000000e+00
    outer loop
      vertex -1.977855e+01 2.257217e+01 1.635000e+00
      vertex -1.877855e+01 2.257217e+01 1.635000e+00
      vertex -1.877855e+01 2.257217e+01 4.635000e+00
    endloop
  endfacet
  facet normal 0.000000e+00 -1.000000e+00 -0.000000e+00
    outer loop
      vertex -1.977855e+01 2.257217e+01 1.635000e+00
      vertex -1.877855e+01 2.257217e+01 4.635000e+00
      vertex -1.977855e+01 2.257217e+01 4.635000e+00
    endloop
  endfacet
  facet normal -7.055613e-02 -9.975078e-01 -0.000000e+00
    outer loop
      vertex -1.877855e+01 2.257217e+01 1.635000e+00
      vertex -1.320382e+01 2.217786e+01 1.635000e+00
      vertex -1.320382e+01 2.217786e+01 4.635000e+00
    endloop
  endfacet
  facet normal -7.055613e-02 -9.975078e-01 -0.000000e+00
    outer loop
      vertex -1.877855e+01 2.257217e+01 1.635000e+00
      vertex -1.320382e+01 2.217786e+01 4.635000e+00
      vertex -1.877855e+01 2.257217e+01 4.635000e+00
    endloop
  endfacet
  facet normal -0.000000e+00 -1.000000e+00 -0.000000e+00
    outer loop
      vertex -1.258542e+01 2.217786e+01 1.635000e+00
      vertex -1.258542e+01 2.217786e+01 4.635000e+00
      vertex -1.320382e+01 2.217786e+01 4.635000e+00
    endloop
  endfacet
  facet normal -0.000000e+00 -1.000000e+00 -0.000000e+00
    outer loop
      vertex -1.258542e+01 2.217786e+01 1.635000e+00
      vertex -1.320382e+01 2.217786e+01 4.635000e+00
      vertex -1.320382e+01 2.217786e+01 1.635000e+00
    endloop
  endfacet
  facet normal 1.000000e+00 0.000000e+00 0.000000e+00
    outer loop
      vertex -2.217786e+01 1.258542e+01 4.635000e+00
      vertex -2.217786e+01 1.258542e+01 1.635000e+00
      vertex -2.217786e+01 1.320382e+01 1.635000e+00
    endloop
  endfacet
  facet normal 1.000000e+00 0.000000e+00 0.000000e+00
    outer loop
      vertex -2.217786e+01 1.258542e+01 4.635000e+00
      vertex -2.217786e+01 1.320382e+01 1.635000e+00
      vertex -2.217786e+01 1.320382e+01 4.635000e+00
    endloop
  endfacet
  facet normal -1.000000e+00 -0.000000e+00 -0.000000e+00
    outer loop
      vertex 2.217786e+01 1.258542e+01 1.635000e+00
      vertex 2.217786e+01 1.258542e+01 4.635000e+00
      vertex 2.217786e+01 1.320382e+01 4.635000e+00
    endloop
  endfacet
  facet normal -1.000000e+00 -0.000000e+00 -0.000000e+00
    outer loop
      vertex 2.217786e+01 1.258542e+01 1.635000e+00
      vertex 2.217786e+01 1.320382e+01 4.635000e+00
      vertex 2.217786e+01 1.320382e+01 1.635000e+00
    endloop
  endfacet
  facet normal -9.975078e-01 7.055613e-02 -0.000000e+00
    outer loop
      vertex 2.257217e+01 1.877855e+01 1.635000e+00
      vertex 2.217786e+01 1.320382e+01 1.635000e+00
      vertex 2.217786e+01 1.320382e+01 4.635000e+00
    endloop
  endfacet
  facet normal -9.975078e-01 7.055613e-02 -0.000000e+00
    outer loop
      vertex 2.257217e+01 1.877855e+01 1.635000e+00
      vertex 2.217786e+01 1.320382e+01 4.635000e+00
      vertex 2.257217e+01 1.877855e+01 4.635000e+00
    endloop
  endfacet
  facet normal -1.000000e+00 -0.000000e+00 -0.000000e+00
    outer loop
      vertex 2.257217e+01 1.977855e+01 1.635000e+00
      vertex 2.257217e+01 1.877855e+01 1.635000e+00
      vertex 2.257217e+01 1.877855e+01 4.635000e+00
    endloop
  endfacet
  facet normal -1.000000e+00 -0.000000e+00 -0.000000e+00
    outer loop
      vertex 2.257217e+01 1.977855e+01 1.635000e+00
      vertex 2.257217e+01 1.877855e+01 4.635000e+00
      vertex 2.257217e+01 1.977855e+01 4.635000e+00
    endloop
  endfacet
  facet normal -9.955620e-01 9.410831e-02 -0.000000e+00
    outer loop
      vertex 2.258695e+01 1.993491e+01 1.635000e+00
      vertex 2.257217e+01 1.977855e+01 1.635000e+00
      vertex 2.257217e+01 1.977855e+01 4.635000e+00
    endloop
  endfacet
  facet normal -9.955620e-01 9.410831e-02 -0.000000e+00
    outer loop
      vertex 2.258695e+01 1.993491e+01 1.635000e+00
      vertex 2.257217e+01 1.977855e+01 4.635000e+00
      vertex 2.258695e+01 1.993491e+01 4.635000e+00
    endloop
  endfacet
  facet normal -9.995065e-01 3.141076e-02 -0.000000e+00
    outer loop
      vertex 2.259188e+01 2.009188e+01 1.635000e+00
      vertex 2.258695e+01 1.993491e+01 1.635000e+00
      vertex 2.258695e+01 1.993491e+01 4.635000e+00
    endloop
  endfacet
  facet normal -9.995065e-01 3.141076e-02 -0.000000e+00
    outer loop
      vertex 2.259188e+01 2.009188e+01 1.635000e+00
      vertex 2.258695e+01 1.993491e+01 4.635000e+00
      vertex 2.259188e+01 2.009188e+01 4.635000e+00
    endloop
  endfacet
  facet normal -9.995065e-01 -3.141076e-02 -0.000000e+00
    outer loop
      vertex 2.258695e+01 2.024886e+01 1.635000e+00
      vertex 2.259188e+01 2.009188e+01 1.635000e+00
      vertex 2.259188e+01 2.009188e+01 4.635000e+00
    endloop
  endfacet
  facet normal -9.995065e-01 -3.141076e-02 -0.000000e+00
    outer loop
      vertex 2.258695e+01 2.024886e+01 1.635000e+00
      vertex 2.259188e+01 2.009188e+01 4.635000e+00
      vertex 2.258695e+01 2.024886e+01 4.635000e+00
    endloop
  endfacet
  facet normal -9.955620e-01 -9.410831e-02 -0.000000e+00
    outer loop
      vertex 2.257217e+01 2.040522e+01 1.635000e+00
      vertex 2.258695e+01 2.024886e+01 1.635000e+00
      vertex 2.258695e+01 2.024886e+01 4.635000e+00
    endloop
  endfacet
  facet normal -9.955620e-01 -9.410831e-02 -0.000000e+00
    outer loop
      vertex 2.257217e+01 2.040522e+01 1.635000e+00
      vertex 2.258695e+01 2.024886e+01 4.635000e+00
      vertex 2.257217e+01 2.040522e+01 4.635000e+00
    endloop
  endfacet
  facet normal -9.876884e-01 -1.564345e-01 -0.000000e+00
    outer loop
      vertex 2.254760e+01 2.056034e+01 1.635000e+00
      vertex 2.257217e+01 2.040522e+01 1.635000e+00
      vertex 2.257217e+01 2.040522e+01 4.635000e+00
    endloop
  endfacet
  facet normal -9.876884e-01 -1.564345e-01 -0.000000e+00
    outer loop
      vertex 2.254760e+01 2.056034e+01 1.635000e+00
      vertex 2.257217e+01 2.040522e+01 4.635000e+00
      vertex 2.254760e+01 2.056034e+01 4.635000e+00
    endloop
  endfacet
  facet normal -9.759167e-01 -2.181432e-01 -0.000000e+00
    outer loop
      vertex 2.251334e+01 2.071361e+01 1.635000e+00
      vertex 2.254760e+01 2.056034e+01 1.635000e+00
      vertex 2.254760e+01 2.056034e+01 4.635000e+00
    endloop
  endfacet
  facet normal -9.759167e-01 -2.181432e-01 -0.000000e+00
    outer loop
      vertex 2.251334e+01 2.071361e+01 1.635000e+00
      vertex 2.254760e+01 2.056034e+01 4.635000e+00
      vertex 2.251334e+01 2.071361e+01 4.635000e+00
    endloop
  endfacet
  facet normal -9.602937e-01 -2.789911e-01 -0.000000e+00
    outer loop
      vertex 2.246952e+01 2.086443e+01 1.635000e+00
      vertex 2.251334e+01 2.071361e+01 1.635000e+00
      vertex 2.251334e+01 2.071361e+01 4.635000e+00
    endloop
  endfacet
  facet normal -9.602937e-01 -2.789911e-01 -0.000000e+00
    outer loop
      vertex 2.246952e+01 2.086443e+01 1.635000e+00
      vertex 2.251334e+01 2.071361e+01 4.635000e+00
      vertex 2.246952e+01 2.086443e+01 4.635000e+00
    endloop
  endfacet
  facet normal -9.408808e-01 -3.387379e-01 -0.000000e+00
    outer loop
      vertex 2.241632e+01 2.101219e+01 1.635000e+00
      vertex 2.246952e+01 2.086443e+01 1.635000e+00
      vertex 2.246952e+01 2.086443e+01 4.635000e+00
    endloop
  endfacet
  facet normal -9.408808e-01 -3.387379e-01 -0.000000e+00
    outer loop
      vertex 2.241632e+01 2.101219e+01 1.635000e+00
      vertex 2.246952e+01 2.086443e+01 4.635000e+00
      vertex 2.241632e+01 2.101219e+01 4.635000e+00
    endloop
  endfacet
  facet normal -9.177547e-01 -3.971479e-01 -0.000000e+00
    outer loop
      vertex 2.235395e+01 2.115633e+01 1.635000e+00
      vertex 2.241632e+01 2.101219e+01 1.635000e+00
      vertex 2.241632e+01 2.101219e+01 4.635000e+00
    endloop
  endfacet
  facet normal -9.177547e-01 -3.971479e-01 -0.000000e+00
    outer loop
      vertex 2.235395e+01 2.115633e+01 1.635000e+00
      vertex 2.241632e+01 2.101219e+01 4.635000e+00
      vertex 2.235395e+01 2.115633e+01 4.635000e+00
    endloop
  endfacet
  facet normal -8.910065e-01 -4.539905e-01 -0.000000e+00
    outer loop
      vertex 2.228265e+01 2.129627e+01 1.635000e+00
      vertex 2.235395e+01 2.115633e+01 1.635000e+00
      vertex 2.235395e+01 2.115633e+01 4.635000e+00
    endloop
  endfacet
  facet normal -8.910065e-01 -4.539905e-01 -0.000000e+00
    outer loop
      vertex 2.228265e+01 2.129627e+01 1.635000e+00
      vertex 2.235395e+01 2.115633e+01 4.635000e+00
      vertex 2.228265e+01 2.129627e+01 4.635000e+00
    endloop
  endfacet
  facet normal -8.607420e-01 -5.090414e-01 -0.000000e+00
    outer loop
      vertex 2.220270e+01 2.143145e+01 1.635000e+00
      vertex 2.228265e+01 2.129627e+01 1.635000e+00
      vertex 2.228265e+01 2.129627e+01 4.635000e+00
    endloop
  endfacet
  facet normal -8.607420e-01 -5.090414e-01 -0.000000e+00
    outer loop
      vertex 2.220270e+01 2.143145e+01 1.635000e+00
      vertex 2.228265e+01 2.129627e+01 4.635000e+00
      vertex 2.220270e+01 2.143145e+01 4.635000e+00
    endloop
  endfacet
  facet normal -8.270805e-01 -5.620834e-01 -0.000000e+00
    outer loop
      vertex 2.211443e+01 2.156135e+01 1.635000e+00
      vertex 2.220270e+01 2.143145e+01 1.635000e+00
      vertex 2.220270e+01 2.143145e+01 4.635000e+00
    endloop
  endfacet
  facet normal -8.270805e-01 -5.620834e-01 -0.000000e+00
    outer loop
      vertex 2.211443e+01 2.156135e+01 1.635000e+00
      vertex 2.220270e+01 2.143145e+01 4.635000e+00
      vertex 2.211443e+01 2.156135e+01 4.635000e+00
    endloop
  endfacet
  facet normal -7.901550e-01 -6.129071e-01 -0.000000e+00
    outer loop
      vertex 2.201817e+01 2.168544e+01 1.635000e+00
      vertex 2.211443e+01 2.156135e+01 1.635000e+00
      vertex 2.211443e+01 2.156135e+01 4.635000e+00
    endloop
  endfacet
  facet normal -7.901550e-01 -6.129071e-01 -0.000000e+00
    outer loop
      vertex 2.201817e+01 2.168544e+01 1.635000e+00
      vertex 2.211443e+01 2.156135e+01 4.635000e+00
      vertex 2.201817e+01 2.168544e+01 4.635000e+00
    endloop
  endfacet
  facet normal -7.501110e-01 -6.613119e-01 -0.000000e+00
    outer loop
      vertex 2.191430e+01 2.180325e+01 1.635000e+00
      vertex 2.201817e+01 2.168544e+01 1.635000e+00
      vertex 2.201817e+01 2.168544e+01 4.635000e+00
    endloop
  endfacet
  facet normal -7.501110e-01 -6.613119e-01 -0.000000e+00
    outer loop
      vertex 2.191430e+01 2.180325e+01 1.635000e+00
      vertex 2.201817e+01 2.168544e+01 4.635000e+00
      vertex 2.191430e+01 2.180325e+01 4.635000e+00
    endloop
  endfacet
  facet normal -7.071068e-01 -7.071068e-01 -0.000000e+00
    outer loop
      vertex 2.180325e+01 2.191430e+01 1.635000e+00
      vertex 2.191430e+01 2.180325e+01 1.635000e+00
      vertex 2.191430e+01 2.180325e+01 4.635000e+00
    endloop
  endfacet
  facet normal -7.071068e-01 -7.071068e-01 -0.000000e+00
    outer loop
      vertex 2.180325e+01 2.191430e+01 1.635000e+00
      vertex 2.191430e+01 2.180325e+01 4.635000e+00
      vertex 2.180325e+01 2.191430e+01 4.635000e+00
    endloop
  endfacet
  facet normal -6.613119e-01 -7.501110e-01 -0.000000e+00
    outer loop
      vertex 2.168544e+01 2.201817e+01 1.635000e+00
      vertex 2.180325e+01 2.191430e+01 1.635000e+00
      vertex 2.180325e+01 2.191430e+01 4.635000e+00
    endloop
  endfacet
  facet normal -6.613119e-01 -7.501110e-01 -0.000000e+00
    outer loop
      vertex 2.168544e+01 2.201817e+01 1.635000e+00
      vertex 2.180325e+01 2.191430e+01 4.635000e+00
      vertex 2.168544e+01 2.201817e+01 4.635000e+00
    endloop
  endfacet
  facet normal -6.129071e-01 -7.901550e-01 -0.000000e+00
    outer loop
      vertex 2.156135e+01 2.211443e+01 1.635000e+00
      vertex 2.168544e+01 2.201817e+01 1.635000e+00
      vertex 2.168544e+01 2.201817e+01 4.635000e+00
    endloop
  endfacet
  facet normal -6.129071e-01 -7.901550e-01 -0.000000e+00
    outer loop
      vertex 2.156135e+01 2.211443e+01 1.635000e+00
      vertex 2.168544e+01 2.201817e+01 4.635000e+00
      vertex 2.156135e+01 2.211443e+01 4.635000e+00
    endloop
  endfacet
  facet normal -5.620834e-01 -8.270805e-01 -0.000000e+00
    outer loop
      vertex 2.143145e+01 2.220270e+01 1.635000e+00
      vertex 2.156135e+01 2.211443e+01 1.635000e+00
      vertex 2.156135e+01 2.211443e+01 4.635000e+00
    endloop
  endfacet
  facet normal -5.620834e-01 -8.270805e-01 -0.000000e+00
    outer loop
      vertex 2.143145e+01 2.220270e+01 1.635000e+00
      vertex 2.156135e+01 2.211443e+01 4.635000e+00
      vertex 2.143145e+01 2.220270e+01 4.635000e+00
    endloop
  endfacet
  facet normal -5.090414e-01 -8.607420e-01 -0.000000e+00
    outer loop
      vertex 2.129627e+01 2.228265e+01 1.635000e+00
      vertex 2.143145e+01 2.220270e+01 1.635000e+00
      vertex 2.143145e+01 2.220270e+01 4.635000e+00
    endloop
  endfacet
  facet normal -5.090414e-01 -8.607420e-01 -0.000000e+00
    outer loop
      vertex 2.129627e+01 2.228265e+01 1.635000e+00
      vertex 2.143145e+01 2.220270e+01 4.635000e+00
      vertex 2.129627e+01 2.228265e+01 4.635000e+00
    endloop
  endfacet
  facet normal -4.539905e-01 -8.910065e-01 -0.000000e+00
    outer loop
      vertex 2.115633e+01 2.235395e+01 1.635000e+00
      vertex 2.129627e+01 2.228265e+01 1.635000e+00
      vertex 2.129627e+01 2.228265e+01 4.635000e+00
    endloop
  endfacet
  facet normal -4.539905e-01 -8.910065e-01 -0.000000e+00
    outer loop
      vertex 2.115633e+01 2.235395e+01 1.635000e+00
      vertex 2.129627e+01 2.228265e+01 4.635000e+00
      vertex 2.115633e+01 2.235395e+01 4.635000e+00
    endloop
  endfacet
  facet normal -3.971479e-01 -9.177547e-01 -0.000000e+00
    outer loop
      vertex 2.101219e+01 2.241632e+01 1.635000e+00
      vertex 2.115633e+01 2.235395e+01 1.635000e+00
      vertex 2.115633e+01 2.235395e+01 4.635000e+00
    endloop
  endfacet
  facet normal -3.971479e-01 -9.177547e-01 -0.000000e+00
    outer loop
      vertex 2.101219e+01 2.241632e+01 1.635000e+00
      vertex 2.115633e+01 2.235395e+01 4.635000e+00
      vertex 2.101219e+01 2.241632e+01 4.635000e+00
    endloop
  endfacet
  facet normal -3.387379e-01 -9.408808e-01 -0.000000e+00
    outer loop
      vertex 2.086443e+01 2.246952e+01 1.635000e+00
      vertex 2.101219e+01 2.241632e+01 1.635000e+00
      vertex 2.101219e+01 2.241632e+01 4.635000e+00
    endloop
  endfacet
  facet normal -3.387379e-01 -9.408808e-01 -0.000000e+00
    outer loop
      vertex 2.086443e+01 2.246952e+01 1.635000e+00
      vertex 2.101219e+01 2.241632e+01 4.635000e+00
      vertex 2.086443e+01 2.246952e+01 4.635000e+00
    endloop
  endfacet
  facet normal -2.789911e-01 -9.602937e-01 -0.000000e+00
    outer loop
      vertex 2.071361e+01 2.251334e+01 1.635000e+00
      vertex 2.086443e+01 2.246952e+01 1.635000e+00
      vertex 2.086443e+01 2.246952e+01 4.635000e+00
    endloop
  endfacet
  facet normal -2.789911e-01 -9.602937e-01 -0.000000e+00
    outer loop
      vertex 2.071361e+01 2.251334e+01 1.635000e+00
      vertex 2.086443e+01 2.246952e+01 4.635000e+00
      vertex 2.071361e+01 2.251334e+01 4.635000e+00
    endloop
  endfacet
  facet normal -2.181432e-01 -9.759167e-01 -0.000000e+00
    outer loop
      vertex 2.056034e+01 2.254760e+01 1.635000e+00
      vertex 2.071361e+01 2.251334e+01 1.635000e+00
      vertex 2.071361e+01 2.251334e+01 4.635000e+00
    endloop
  endfacet
  facet normal -2.181432e-01 -9.759167e-01 -0.000000e+00
    outer loop
      vertex 2.056034e+01 2.254760e+01 1.635000e+00
      vertex 2.071361e+01 2.251334e+01 4.635000e+00
      vertex 2.056034e+01 2.254760e+01 4.635000e+00
    endloop
  endfacet
  facet normal -1.564345e-01 -9.876884e-01 -0.000000e+00
    outer loop
      vertex 2.040522e+01 2.257217e+01 1.635000e+00
      vertex 2.056034e+01 2.254760e+01 1.635000e+00
      vertex 2.056034e+01 2.254760e+01 4.635000e+00
    endloop
  endfacet
  facet normal -1.564345e-01 -9.876884e-01 -0.000000e+00
    outer loop
      vertex 2.040522e+01 2.257217e+01 1.635000e+00
      vertex 2.056034e+01 2.254760e+01 4.635000e+00
      vertex 2.040522e+01 2.257217e+01 4.635000e+00
    endloop
  endfacet
  facet normal -9.410831e-02 -9.955620e-01 -0.000000e+00
    outer loop
      vertex 2.024886e+01 2.258695e+01 1.635000e+00
      vertex 2.040522e+01 2.257217e+01 1.635000e+00
      vertex 2.040522e+01 2.257217e+01 4.635000e+00
    endloop
  endfacet
  facet normal -9.410831e-02 -9.955620e-01 -0.000000e+00
    outer loop
      vertex 2.024886e+01 2.258695e+01 1.635000e+00
      vertex 2.040522e+01 2.257217e+01 4.635000e+00
      vertex 2.024886e+01 2.258695e+01 4.635000e+00
    endloop
  endfacet
  facet normal -3.141076e-02 -9.995065e-01 -0.000000e+00
    outer loop
      vertex 2.009188e+01 2.259188e+01 1.635000e+00
      vertex 2.024886e+01 2.258695e+01 1.635000e+00
      vertex 2.024886e+01 2.258695e+01 4.635000e+00
    endloop
  endfacet
  facet normal -3.141076e-02 -9.995065e-01 -0.000000e+00
    outer loop
      vertex 2.009188e+01 2.259188e+01 1.635000e+00
      vertex 2.024886e+01 2.258695e+01 4.635000e+00
      vertex 2.009188e+01 2.259188e+01 4.635000e+00
    endloop
  endfacet
  facet normal 3.141076e-02 -9.995065e-01 -0.000000e+00
    outer loop
      vertex 1.993491e+01 2.258695e+01 1.635000e+00
      vertex 2.009188e+01 2.259188e+01 1.635000e+00
      vertex 2.009188e+01 2.259188e+01 4.635000e+00
    endloop
  endfacet
  facet normal 3.141076e-02 -9.995065e-01 -0.000000e+00
    outer loop
      vertex 1.993491e+01 2.258695e+01 1.635000e+00
      vertex 2.009188e+01 2.259188e+01 4.635000e+00
      vertex 1.993491e+01 2.258695e+01 4.635000e+00
    endloop
  endfacet
  facet normal 9.410831e-02 -9.955620e-01 -0.000000e+00
    outer loop
      vertex 1.977855e+01 2.257217e+01 1.635000e+00
      vertex 1.993491e+01 2.258695e+01 1.635000e+00
      vertex 1.993491e+01 2.258695e+01 4.635000e+00
    endloop
  endfacet
  facet normal 9.410831e-02 -9.955620e-01 -0.000000e+00
    outer loop
      vertex 1.977855e+01 2.257217e+01 1.635000e+00
      vertex 1.993491e+01 2.258695e+01 4.635000e+00
      vertex 1.977855e+01 2.257217e+01 4.635000e+00
    endloop
  endfacet
  facet normal -0.000000e+00 -1.000000e+00 -0.000000e+00
    outer loop
      vertex 1.877855e+01 2.257217e+01 1.635000e+00
      vertex 1.977855e+01 2.257217e+01 1.635000e+00
      vertex 1.977855e+01 2.257217e+01 4.635000e+00
    endloop
  endfacet
  facet normal -0.000000e+00 -1.000000e+00 -0.000000e+00
    outer loop
      vertex 1.877855e+01 2.257217e+01 1.635000e+00
      vertex 1.977855e+01 2.257217e+01 4.635000e+00
      vertex 1.877855e+01 2.257217e+01 4.635000e+00
    endloop
  endfacet
  facet normal 7.055613e-02 -9.975078e-01 -0.000000e+00
    outer loop
      vertex 1.320382e+01 2.217786e+01 1.635000e+00
      vertex 1.877855e+01 2.257217e+01 1.635000e+00
      vertex 1.877855e+01 2.257217e+01 4.635000e+00
    endloop
  endfacet
  facet normal 7.055613e-02 -9.975078e-01 -0.000000e+00
    outer loop
      vertex 1.320382e+01 2.217786e+01 1.635000e+00
      vertex 1.877855e+01 2.257217e+01 4.635000e+00
      vertex 1.320382e+01 2.217786e+01 4.635000e+00
    endloop
  endfacet
  facet normal 0.000000e+00 -1.000000e+00 -0.000000e+00
    outer loop
      vertex 1.258542e+01 2.217786e+01 4.635000e+00
      vertex 1.258542e+01 2.217786e+01 1.635000e+00
      vertex 1.320382e+01 2.217786e+01 1.635000e+00
    endloop
  endfacet
  facet normal 0.000000e+00 -1.000000e+00 -0.000000e+00
    outer loop
      vertex 1.258542e+01 2.217786e+01 4.635000e+00
      vertex 1.320382e+01 2.217786e+01 1.635000e+00
      vertex 1.320382e+01 2.217786e+01 4.635000e+00
    endloop
  endfacet
endsolid component1:PLACCA_FISSAGGIO
